0 verbose cli C:\Program Files\nodejs\node.exe C:\Program Files\nodejs\node_modules\npm\bin\npm-cli.js
1 info using npm@11.13.0
2 info using node@v24.16.0
3 silly config load:file:C:\Program Files\nodejs\node_modules\npm\npmrc
4 silly config load:file:C:\Users\Piyali\Desktop\INNOVATEX_connect'26\innovatex-connect-26\.npmrc
5 silly config load:file:C:\Users\Piyali\.npmrc
6 silly config load:file:C:\Users\Piyali\AppData\Roaming\npm\etc\npmrc
7 verbose title npm install
8 verbose argv "install" "--cache" ".npm-cache"
9 verbose logfile logs-max:10 dir:C:\Users\Piyali\Desktop\INNOVATEX_connect'26\innovatex-connect-26\.npm-cache\_logs\2026-08-11T15_30_16_811Z-
10 verbose logfile C:\Users\Piyali\Desktop\INNOVATEX_connect'26\innovatex-connect-26\.npm-cache\_logs\2026-08-11T15_30_16_811Z-debug-0.log
11 silly logfile done cleaning log files
12 silly packumentCache heap:2348810240 maxSize:587202560 maxEntrySize:293601280
13 silly idealTree buildDeps
14 silly fetch manifest @emnapi/runtime@^1.11.1
15 silly packumentCache full:https://registry.npmjs.org/@emnapi%2fruntime cache-miss
16 http fetch GET 200 https://registry.npmjs.org/npm 733ms
17 http fetch GET 200 https://registry.npmjs.org/@emnapi%2fruntime 518ms (cache miss)
18 silly packumentCache full:https://registry.npmjs.org/@emnapi%2fruntime set size:undefined disposed:false
19 silly placeDep ROOT @emnapi/runtime@1.11.3 OK for: @img/sharp-wasm32@0.35.3 want: ^1.11.1
20 silly fetch manifest @emnapi/core@^1.7.1
21 silly packumentCache full:https://registry.npmjs.org/@emnapi%2fcore cache-miss
22 http fetch GET 200 https://registry.npmjs.org/@emnapi%2fcore 591ms (cache miss)
23 silly packumentCache full:https://registry.npmjs.org/@emnapi%2fcore set size:undefined disposed:false
24 silly placeDep ROOT @emnapi/core@1.11.3 OK for: @napi-rs/wasm-runtime@1.1.6 want: ^1.7.1
25 silly reify moves {}
26 silly audit bulk request {
26 silly audit   '@alloc/quick-lru': [ '5.2.0' ],
26 silly audit   '@babel/code-frame': [ '7.29.7' ],
26 silly audit   '@babel/compat-data': [ '7.29.7' ],
26 silly audit   '@babel/core': [ '7.29.7' ],
26 silly audit   '@babel/generator': [ '7.29.7' ],
26 silly audit   '@babel/helper-compilation-targets': [ '7.29.7' ],
26 silly audit   '@babel/helper-globals': [ '7.29.7' ],
26 silly audit   '@babel/helper-module-imports': [ '7.29.7' ],
26 silly audit   '@babel/helper-module-transforms': [ '7.29.7' ],
26 silly audit   '@babel/helper-string-parser': [ '7.29.7' ],
26 silly audit   '@babel/helper-validator-identifier': [ '7.29.7' ],
26 silly audit   '@babel/helper-validator-option': [ '7.29.7' ],
26 silly audit   '@babel/helpers': [ '7.29.7' ],
26 silly audit   '@babel/parser': [ '7.29.7' ],
26 silly audit   '@babel/template': [ '7.29.7' ],
26 silly audit   '@babel/traverse': [ '7.29.7' ],
26 silly audit   '@babel/types': [ '7.29.7' ],
26 silly audit   '@emnapi/wasi-threads': [ '1.2.3', '1.2.1' ],
26 silly audit   '@eslint-community/eslint-utils': [ '4.10.1' ],
26 silly audit   'eslint-visitor-keys': [ '3.4.3', '5.0.1', '4.2.1' ],
26 silly audit   '@eslint-community/regexpp': [ '4.12.2' ],
26 silly audit   '@eslint/config-array': [ '0.21.2' ],
26 silly audit   '@eslint/config-helpers': [ '0.4.2' ],
26 silly audit   '@eslint/core': [ '0.17.0' ],
26 silly audit   '@eslint/eslintrc': [ '3.3.6' ],
26 silly audit   '@eslint/js': [ '9.39.5' ],
26 silly audit   '@eslint/object-schema': [ '2.1.7' ],
26 silly audit   '@eslint/plugin-kit': [ '0.4.1' ],
26 silly audit   '@getbrevo/brevo': [ '6.0.2' ],
26 silly audit   '@humanfs/core': [ '0.19.2' ],
26 silly audit   '@humanfs/node': [ '0.16.8' ],
26 silly audit   '@humanfs/types': [ '0.15.0' ],
26 silly audit   '@humanwhocodes/module-importer': [ '1.0.1' ],
26 silly audit   '@humanwhocodes/retry': [ '0.4.3' ],
26 silly audit   '@img/colour': [ '1.1.0' ],
26 silly audit   '@img/sharp-darwin-arm64': [ '0.35.3' ],
26 silly audit   '@img/sharp-darwin-x64': [ '0.35.3' ],
26 silly audit   '@img/sharp-freebsd-wasm32': [ '0.35.3' ],
26 silly audit   '@img/sharp-libvips-darwin-arm64': [ '1.3.2' ],
26 silly audit   '@img/sharp-libvips-darwin-x64': [ '1.3.2' ],
26 silly audit   '@img/sharp-libvips-linux-arm': [ '1.3.2' ],
26 silly audit   '@img/sharp-libvips-linux-arm64': [ '1.3.2' ],
26 silly audit   '@img/sharp-libvips-linux-ppc64': [ '1.3.2' ],
26 silly audit   '@img/sharp-libvips-linux-riscv64': [ '1.3.2' ],
26 silly audit   '@img/sharp-libvips-linux-s390x': [ '1.3.2' ],
26 silly audit   '@img/sharp-libvips-linux-x64': [ '1.3.2' ],
26 silly audit   '@img/sharp-libvips-linuxmusl-arm64': [ '1.3.2' ],
26 silly audit   '@img/sharp-libvips-linuxmusl-x64': [ '1.3.2' ],
26 silly audit   '@img/sharp-linux-arm': [ '0.35.3' ],
26 silly audit   '@img/sharp-linux-arm64': [ '0.35.3' ],
26 silly audit   '@img/sharp-linux-ppc64': [ '0.35.3' ],
26 silly audit   '@img/sharp-linux-riscv64': [ '0.35.3' ],
26 silly audit   '@img/sharp-linux-s390x': [ '0.35.3' ],
26 silly audit   '@img/sharp-linux-x64': [ '0.35.3' ],
26 silly audit   '@img/sharp-linuxmusl-arm64': [ '0.35.3' ],
26 silly audit   '@img/sharp-linuxmusl-x64': [ '0.35.3' ],
26 silly audit   '@img/sharp-wasm32': [ '0.35.3' ],
26 silly audit   '@img/sharp-webcontainers-wasm32': [ '0.35.3' ],
26 silly audit   '@img/sharp-win32-arm64': [ '0.35.3' ],
26 silly audit   '@img/sharp-win32-ia32': [ '0.35.3' ],
26 silly audit   '@img/sharp-win32-x64': [ '0.35.3' ],
26 silly audit   '@jridgewell/gen-mapping': [ '0.3.13' ],
26 silly audit   '@jridgewell/remapping': [ '2.3.5' ],
26 silly audit   '@jridgewell/resolve-uri': [ '3.1.2' ],
26 silly audit   '@jridgewell/sourcemap-codec': [ '1.5.5' ],
26 silly audit   '@jridgewell/trace-mapping': [ '0.3.31' ],
26 silly audit   '@mongodb-js/saslprep': [ '1.4.13' ],
26 silly audit   '@napi-rs/wasm-runtime': [ '1.1.6' ],
26 silly audit   '@next/env': [ '16.3.0' ],
26 silly audit   '@next/eslint-plugin-next': [ '16.2.12' ],
26 silly audit   '@next/swc-darwin-arm64': [ '16.3.0' ],
26 silly audit   '@next/swc-darwin-x64': [ '16.3.0' ],
26 silly audit   '@next/swc-linux-arm64-gnu': [ '16.3.0' ],
26 silly audit   '@next/swc-linux-arm64-musl': [ '16.3.0' ],
26 silly audit   '@next/swc-linux-x64-gnu': [ '16.3.0' ],
26 silly audit   '@next/swc-linux-x64-musl': [ '16.3.0' ],
26 silly audit   '@next/swc-win32-arm64-msvc': [ '16.3.0' ],
26 silly audit   '@next/swc-win32-x64-msvc': [ '16.3.0' ],
26 silly audit   '@noble/hashes': [ '2.3.0' ],
26 silly audit   '@nodelib/fs.scandir': [ '2.1.5' ],
26 silly audit   '@nodelib/fs.stat': [ '2.0.5' ],
26 silly audit   '@nodelib/fs.walk': [ '1.2.8' ],
26 silly audit   '@nolyfill/is-core-module': [ '1.0.39' ],
26 silly audit   '@otplib/core': [ '13.4.1' ],
26 silly audit   '@otplib/hotp': [ '13.4.1' ],
26 silly audit   '@otplib/plugin-base32-scure': [ '13.4.1' ],
26 silly audit   '@otplib/plugin-crypto-noble': [ '13.4.1' ],
26 silly audit   '@otplib/plugin-crypto-node': [ '13.4.1' ],
26 silly audit   '@otplib/totp': [ '13.4.1' ],
26 silly audit   '@otplib/uri': [ '13.4.1' ],
26 silly audit   '@redis/bloom': [ '6.2.0' ],
26 silly audit   '@redis/client': [ '6.2.0' ],
26 silly audit   '@redis/json': [ '6.2.0' ],
26 silly audit   '@redis/search': [ '6.2.0' ],
26 silly audit   '@redis/time-series': [ '6.2.0' ],
26 silly audit   '@rtsao/scc': [ '1.1.0' ],
26 silly audit   '@scure/base': [ '2.2.0' ],
26 silly audit   '@swc/helpers': [ '0.5.15' ],
26 silly audit   '@tailwindcss/node': [ '4.3.3' ],
26 silly audit   '@tailwindcss/oxide': [ '4.3.3' ],
26 silly audit   '@tailwindcss/oxide-android-arm64': [ '4.3.3' ],
26 silly audit   '@tailwindcss/oxide-darwin-arm64': [ '4.3.3' ],
26 silly audit   '@tailwindcss/oxide-darwin-x64': [ '4.3.3' ],
26 silly audit   '@tailwindcss/oxide-freebsd-x64': [ '4.3.3' ],
26 silly audit   '@tailwindcss/oxide-linux-arm-gnueabihf': [ '4.3.3' ],
26 silly audit   '@tailwindcss/oxide-linux-arm64-gnu': [ '4.3.3' ],
26 silly audit   '@tailwindcss/oxide-linux-arm64-musl': [ '4.3.3' ],
26 silly audit   '@tailwindcss/oxide-linux-x64-gnu': [ '4.3.3' ],
26 silly audit   '@tailwindcss/oxide-linux-x64-musl': [ '4.3.3' ],
26 silly audit   '@tailwindcss/oxide-wasm32-wasi': [ '4.3.3' ],
26 silly audit   '@tailwindcss/oxide-win32-arm64-msvc': [ '4.3.3' ],
26 silly audit   '@tailwindcss/oxide-win32-x64-msvc': [ '4.3.3' ],
26 silly audit   '@tailwindcss/postcss': [ '4.3.3' ],
26 silly audit   '@tybys/wasm-util': [ '0.10.3' ],
26 silly audit   '@types/estree': [ '1.0.9' ],
26 silly audit   '@types/json-schema': [ '7.0.15' ],
26 silly audit   '@types/json5': [ '0.0.29' ],
26 silly audit   '@types/node': [ '20.19.43' ],
26 silly audit   '@types/react': [ '19.2.17' ],
26 silly audit   '@types/react-dom': [ '19.2.3' ],
26 silly audit   '@types/webidl-conversions': [ '7.0.3' ],
26 silly audit   '@types/whatwg-url': [ '11.0.5' ],
26 silly audit   '@typescript-eslint/eslint-plugin': [ '8.65.0' ],
26 silly audit   ignore: [ '7.0.6', '5.3.2' ],
26 silly audit   '@typescript-eslint/parser': [ '8.65.0' ],
26 silly audit   '@typescript-eslint/project-service': [ '8.65.0' ],
26 silly audit   '@typescript-eslint/scope-manager': [ '8.65.0' ],
26 silly audit   '@typescript-eslint/tsconfig-utils': [ '8.65.0' ],
26 silly audit   '@typescript-eslint/type-utils': [ '8.65.0' ],
26 silly audit   '@typescript-eslint/types': [ '8.65.0' ],
26 silly audit   '@typescript-eslint/typescript-estree': [ '8.65.0' ],
26 silly audit   'balanced-match': [ '4.0.4', '1.0.2' ],
26 silly audit   'brace-expansion': [ '5.0.8', '1.1.16', '2.1.4' ],
26 silly audit   minimatch: [ '10.2.5', '5.1.9', '3.1.5' ],
26 silly audit   semver: [ '7.8.5', '6.3.1' ],
26 silly audit   '@typescript-eslint/utils': [ '8.65.0' ],
26 silly audit   '@typescript-eslint/visitor-keys': [ '8.65.0' ],
26 silly audit   '@unrs/resolver-binding-android-arm-eabi': [ '1.12.2' ],
26 silly audit   '@unrs/resolver-binding-android-arm64': [ '1.12.2' ],
26 silly audit   '@unrs/resolver-binding-darwin-arm64': [ '1.12.2' ],
26 silly audit   '@unrs/resolver-binding-darwin-x64': [ '1.12.2' ],
26 silly audit   '@unrs/resolver-binding-freebsd-x64': [ '1.12.2' ],
26 silly audit   '@unrs/resolver-binding-linux-arm-gnueabihf': [ '1.12.2' ],
26 silly audit   '@unrs/resolver-binding-linux-arm-musleabihf': [ '1.12.2' ],
26 silly audit   '@unrs/resolver-binding-linux-arm64-gnu': [ '1.12.2' ],
26 silly audit   '@unrs/resolver-binding-linux-arm64-musl': [ '1.12.2' ],
26 silly audit   '@unrs/resolver-binding-linux-loong64-gnu': [ '1.12.2' ],
26 silly audit   '@unrs/resolver-binding-linux-loong64-musl': [ '1.12.2' ],
26 silly audit   '@unrs/resolver-binding-linux-ppc64-gnu': [ '1.12.2' ],
26 silly audit   '@unrs/resolver-binding-linux-riscv64-gnu': [ '1.12.2' ],
26 silly audit   '@unrs/resolver-binding-linux-riscv64-musl': [ '1.12.2' ],
26 silly audit   '@unrs/resolver-binding-linux-s390x-gnu': [ '1.12.2' ],
26 silly audit   '@unrs/resolver-binding-linux-x64-gnu': [ '1.12.2' ],
26 silly audit   '@unrs/resolver-binding-linux-x64-musl': [ '1.12.2' ],
26 silly audit   '@unrs/resolver-binding-openharmony-arm64': [ '1.12.2' ],
26 silly audit   '@unrs/resolver-binding-wasm32-wasi': [ '1.12.2' ],
26 silly audit   '@emnapi/core': [ '1.10.0', '1.11.3' ],
26 silly audit   '@emnapi/runtime': [ '1.10.0', '1.11.3' ],
26 silly audit   '@unrs/resolver-binding-win32-arm64-msvc': [ '1.12.2' ],
26 silly audit   '@unrs/resolver-binding-win32-ia32-msvc': [ '1.12.2' ],
26 silly audit   '@unrs/resolver-binding-win32-x64-msvc': [ '1.12.2' ],
26 silly audit   acorn: [ '8.17.0' ],
26 silly audit   'acorn-jsx': [ '5.3.2' ],
26 silly audit   ajv: [ '6.15.0' ],
26 silly audit   'ansi-colors': [ '4.1.3' ],
26 silly audit   'ansi-regex': [ '5.0.1' ],
26 silly audit   'ansi-styles': [ '4.3.0' ],
26 silly audit   argparse: [ '2.0.1' ],
26 silly audit   'aria-query': [ '5.3.2' ],
26 silly audit   'array-buffer-byte-length': [ '1.0.2' ],
26 silly audit   'array-includes': [ '3.1.9' ],
26 silly audit   'array.prototype.findlast': [ '1.2.5' ],
26 silly audit   'array.prototype.findlastindex': [ '1.2.6' ],
26 silly audit   'array.prototype.flat': [ '1.3.3' ],
26 silly audit   'array.prototype.flatmap': [ '1.3.3' ],
26 silly audit   'array.prototype.tosorted': [ '1.1.4' ],
26 silly audit   'arraybuffer.prototype.slice': [ '1.0.4' ],
26 silly audit   'ast-types-flow': [ '0.0.8' ],
26 silly audit   async: [ '3.2.6' ],
26 silly audit   'async-function': [ '1.0.0' ],
26 silly audit   'available-typed-arrays': [ '1.0.7' ],
26 silly audit   'axe-core': [ '4.12.1' ],
26 silly audit   'axobject-query': [ '4.1.0' ],
26 silly audit   'baseline-browser-mapping': [ '2.11.5' ],
26 silly audit   bcryptjs: [ '2.4.3' ],
26 silly audit   boolbase: [ '1.0.0' ],
26 silly audit   braces: [ '3.0.3' ],
26 silly audit   browserslist: [ '4.28.7' ],
26 silly audit   bson: [ '6.10.4' ],
26 silly audit   'buffer-equal-constant-time': [ '1.0.1' ],
26 silly audit   'call-bind': [ '1.0.9' ],
26 silly audit   'call-bind-apply-helpers': [ '1.0.2' ],
26 silly audit   'call-bound': [ '1.0.4' ],
26 silly audit   callsites: [ '3.1.0' ],
26 silly audit   camelcase: [ '5.3.1' ],
26 silly audit   'caniuse-lite': [ '1.0.30001806' ],
26 silly audit   chalk: [ '4.1.2' ],
26 silly audit   cheerio: [ '1.0.0-rc.10' ],
26 silly audit   'cheerio-select': [ '1.6.0' ],
26 silly audit   'client-only': [ '0.0.1' ],
26 silly audit   cliui: [ '6.0.0' ],
26 silly audit   'cluster-key-slot': [ '1.1.2' ],
26 silly audit   'color-convert': [ '2.0.1' ],
26 silly audit   'color-name': [ '1.1.4' ],
26 silly audit   commander: [ '6.2.1' ],
26 silly audit   'concat-map': [ '0.0.1' ],
26 silly audit   'convert-source-map': [ '2.0.0' ],
26 silly audit   'cross-spawn': [ '7.0.6' ],
26 silly audit   'css-select': [ '4.3.0' ],
26 silly audit   'css-what': [ '6.2.2' ],
26 silly audit   csstype: [ '3.2.3' ],
26 silly audit   'damerau-levenshtein': [ '1.0.8' ],
26 silly audit   'data-view-buffer': [ '1.0.2' ],
26 silly audit   'data-view-byte-length': [ '1.0.2' ],
26 silly audit   'data-view-byte-offset': [ '1.0.1' ],
26 silly audit   debug: [ '4.4.3', '3.2.7' ],
26 silly audit   decamelize: [ '1.2.0' ],
26 silly audit   'deep-is': [ '0.1.4' ],
26 silly audit   'define-data-property': [ '1.1.4' ],
26 silly audit   'define-properties': [ '1.2.1' ],
26 silly audit   'detect-libc': [ '2.1.2' ],
26 silly audit   dijkstrajs: [ '1.0.3' ],
26 silly audit   doctrine: [ '2.1.0' ],
26 silly audit   'dom-serializer': [ '1.4.1' ],
26 silly audit   domelementtype: [ '2.3.0' ],
26 silly audit   domhandler: [ '4.3.1', '3.3.0' ],
26 silly audit   domutils: [ '2.8.0' ],
26 silly audit   dotenv: [ '17.4.2' ],
26 silly audit   'dunder-proto': [ '1.0.1' ],
26 silly audit   'ecdsa-sig-formatter': [ '1.0.11' ],
26 silly audit   ejs: [ '3.1.10' ],
26 silly audit   'electron-to-chromium': [ '1.5.396' ],
26 silly audit   'emoji-regex': [ '9.2.2', '8.0.0' ],
26 silly audit   'enhanced-resolve': [ '5.24.3' ],
26 silly audit   entities: [ '2.2.0' ],
26 silly audit   'es-abstract': [ '1.24.2' ],
26 silly audit   'es-abstract-get': [ '1.0.0' ],
26 silly audit   'es-define-property': [ '1.0.1' ],
26 silly audit   'es-errors': [ '1.3.0' ],
26 silly audit   'es-iterator-helpers': [ '1.4.0' ],
26 silly audit   'es-object-atoms': [ '1.1.2' ],
26 silly audit   'es-set-tostringtag': [ '2.1.0' ],
26 silly audit   'es-shim-unscopables': [ '1.1.0' ],
26 silly audit   'es-to-primitive': [ '1.3.4' ],
26 silly audit   escalade: [ '3.2.0' ],
26 silly audit   'escape-goat': [ '3.0.0' ],
26 silly audit   'escape-string-regexp': [ '4.0.0' ],
26 silly audit   eslint: [ '9.39.5' ],
26 silly audit   'eslint-config-next': [ '16.2.12' ],
26 silly audit   globals: [ '16.4.0', '14.0.0' ],
26 silly audit   'eslint-import-resolver-node': [ '0.3.10' ],
26 silly audit   'eslint-import-resolver-typescript': [ '3.10.1' ],
26 silly audit   'eslint-module-utils': [ '2.14.0' ],
26 silly audit   'eslint-plugin-import': [ '2.32.0' ],
26 silly audit   'eslint-plugin-jsx-a11y': [ '6.10.2' ],
26 silly audit   'eslint-plugin-react': [ '7.37.5' ],
26 silly audit   'eslint-plugin-react-hooks': [ '7.1.1' ],
26 silly audit   'eslint-scope': [ '8.4.0' ],
26 silly audit   espree: [ '10.4.0' ],
26 silly audit   esquery: [ '1.7.0' ],
26 silly audit   esrecurse: [ '4.3.0' ],
26 silly audit   estraverse: [ '5.3.0' ],
26 silly audit   esutils: [ '2.0.3' ],
26 silly audit   'fast-deep-equal': [ '3.1.3' ],
26 silly audit   'fast-glob': [ '3.3.1' ],
26 silly audit   'glob-parent': [ '5.1.2', '6.0.2' ],
26 silly audit   'fast-json-stable-stringify': [ '2.1.0' ],
26 silly audit   'fast-levenshtein': [ '2.0.6' ],
26 silly audit   fastq: [ '1.20.1' ],
26 silly audit   'file-entry-cache': [ '8.0.0' ],
26 silly audit   filelist: [ '1.0.6' ],
26 silly audit   'fill-range': [ '7.1.1' ],
26 silly audit   'find-up': [ '5.0.0', '4.1.0' ],
26 silly audit   'flat-cache': [ '4.0.1' ],
26 silly audit   flatted: [ '3.4.3' ],
26 silly audit   'for-each': [ '0.3.5' ],
26 silly audit   'function-bind': [ '1.1.2' ],
26 silly audit   'function.prototype.name': [ '1.2.0' ],
26 silly audit   'functions-have-names': [ '1.2.3' ],
26 silly audit   'generator-function': [ '2.0.1' ],
26 silly audit   gensync: [ '1.0.0-beta.2' ],
26 silly audit   'get-caller-file': [ '2.0.5' ],
26 silly audit   'get-intrinsic': [ '1.3.0' ],
26 silly audit   'get-proto': [ '1.0.1' ],
26 silly audit   'get-symbol-description': [ '1.1.0' ],
26 silly audit   'get-tsconfig': [ '4.14.0' ],
26 silly audit   globalthis: [ '1.0.4' ],
26 silly audit   gopd: [ '1.2.0' ],
26 silly audit   'graceful-fs': [ '4.2.11' ],
26 silly audit   'has-bigints': [ '1.1.0' ],
26 silly audit   'has-flag': [ '4.0.0' ],
26 silly audit   'has-property-descriptors': [ '1.0.2' ],
26 silly audit   'has-proto': [ '1.2.0' ],
26 silly audit   'has-symbols': [ '1.1.0' ],
26 silly audit   'has-tostringtag': [ '1.0.2' ],
26 silly audit   hasown: [ '2.0.4' ],
26 silly audit   he: [ '1.2.0' ],
26 silly audit   'hermes-estree': [ '0.25.1' ],
26 silly audit   'hermes-parser': [ '0.25.1' ],
26 silly audit   'html5-qrcode': [ '2.3.8' ],
26 silly audit   htmlparser2: [ '6.1.0', '5.0.1' ],
26 silly audit   'import-fresh': [ '3.3.1' ],
26 silly audit   imurmurhash: [ '0.1.4' ],
26 silly audit   'internal-slot': [ '1.1.0' ],
26 silly audit   'is-array-buffer': [ '3.0.5' ],
26 silly audit   'is-async-function': [ '2.1.1' ],
26 silly audit   'is-bigint': [ '1.1.0' ],
26 silly audit   'is-boolean-object': [ '1.2.2' ],
26 silly audit   'is-bun-module': [ '2.0.0' ],
26 silly audit   'is-callable': [ '1.2.7' ],
26 silly audit   'is-core-module': [ '2.16.2' ],
26 silly audit   'is-data-view': [ '1.0.2' ],
26 silly audit   'is-date-object': [ '1.1.0' ],
26 silly audit   'is-document.all': [ '1.0.0' ],
26 silly audit   'is-extglob': [ '2.1.1' ],
26 silly audit   'is-finalizationregistry': [ '1.1.1' ],
26 silly audit   'is-fullwidth-code-point': [ '3.0.0' ],
26 silly audit   'is-generator-function': [ '1.1.2' ],
26 silly audit   'is-glob': [ '4.0.3' ],
26 silly audit   'is-map': [ '2.0.3' ],
26 silly audit   'is-negative-zero': [ '2.0.3' ],
26 silly audit   'is-number': [ '7.0.0' ],
26 silly audit   'is-number-object': [ '1.1.1' ],
26 silly audit   'is-regex': [ '1.2.1' ],
26 silly audit   'is-set': [ '2.0.3' ],
26 silly audit   'is-shared-array-buffer': [ '1.0.4' ],
26 silly audit   'is-string': [ '1.1.1' ],
26 silly audit   'is-symbol': [ '1.1.1' ],
26 silly audit   'is-typed-array': [ '1.1.15' ],
26 silly audit   'is-weakmap': [ '2.0.2' ],
26 silly audit   'is-weakref': [ '1.1.1' ],
26 silly audit   'is-weakset': [ '2.0.4' ],
26 silly audit   isarray: [ '2.0.5' ],
26 silly audit   isexe: [ '2.0.0' ],
26 silly audit   'iterator.prototype': [ '1.1.5' ],
26 silly audit   jake: [ '10.9.4' ],
26 silly audit   jiti: [ '2.7.0' ],
26 silly audit   'js-tokens': [ '4.0.0' ],
26 silly audit   'js-yaml': [ '4.3.0' ],
26 silly audit   jsesc: [ '3.1.0' ],
26 silly audit   'json-buffer': [ '3.0.1' ],
26 silly audit   'json-schema-traverse': [ '0.4.1' ],
26 silly audit   'json-stable-stringify-without-jsonify': [ '1.0.1' ],
26 silly audit   json5: [ '2.2.3', '1.0.2' ],
26 silly audit   jsonwebtoken: [ '9.0.3' ],
26 silly audit   'jsx-ast-utils': [ '3.3.5' ],
26 silly audit   juice: [ '8.1.0' ],
26 silly audit   jwa: [ '2.0.1' ],
26 silly audit   jws: [ '4.0.1' ],
26 silly audit   kareem: [ '2.6.3' ],
26 silly audit   keyv: [ '4.5.4' ],
26 silly audit   'language-subtag-registry': [ '0.3.23' ],
26 silly audit   'language-tags': [ '1.0.9' ],
26 silly audit   levn: [ '0.4.1' ],
26 silly audit   lightningcss: [ '1.32.0' ],
26 silly audit   'lightningcss-android-arm64': [ '1.32.0' ],
26 silly audit   'lightningcss-darwin-arm64': [ '1.32.0' ],
26 silly audit   'lightningcss-darwin-x64': [ '1.32.0' ],
26 silly audit   'lightningcss-freebsd-x64': [ '1.32.0' ],
26 silly audit   'lightningcss-linux-arm-gnueabihf': [ '1.32.0' ],
26 silly audit   'lightningcss-linux-arm64-gnu': [ '1.32.0' ],
26 silly audit   'lightningcss-linux-arm64-musl': [ '1.32.0' ],
26 silly audit   'lightningcss-linux-x64-gnu': [ '1.32.0' ],
26 silly audit   'lightningcss-linux-x64-musl': [ '1.32.0' ],
26 silly audit   'lightningcss-win32-arm64-msvc': [ '1.32.0' ],
26 silly audit   'lightningcss-win32-x64-msvc': [ '1.32.0' ],
26 silly audit   'locate-path': [ '6.0.0', '5.0.0' ],
26 silly audit   'lodash.includes': [ '4.3.0' ],
26 silly audit   'lodash.isboolean': [ '3.0.3' ],
26 silly audit   'lodash.isinteger': [ '4.0.4' ],
26 silly audit   'lodash.isnumber': [ '3.0.3' ],
26 silly audit   'lodash.isplainobject': [ '4.0.6' ],
26 silly audit   'lodash.isstring': [ '4.0.1' ],
26 silly audit   'lodash.merge': [ '4.6.2' ],
26 silly audit   'lodash.once': [ '4.1.1' ],
26 silly audit   'loose-envify': [ '1.4.0' ],
26 silly audit   'lru-cache': [ '5.1.1' ],
26 silly audit   'magic-string': [ '0.30.21' ],
26 silly audit   mailgen: [ '2.0.36' ],
26 silly audit   'math-intrinsics': [ '1.1.0' ],
26 silly audit   'memory-pager': [ '1.5.0' ],
26 silly audit   mensch: [ '0.3.4' ],
26 silly audit   merge2: [ '1.4.1' ],
26 silly audit   micromatch: [ '4.0.8' ],
26 silly audit   mime: [ '2.6.0' ],
26 silly audit   minimist: [ '1.2.8' ],
26 silly audit   mongodb: [ '6.20.0' ],
26 silly audit   'mongodb-connection-string-url': [ '3.0.2' ],
26 silly audit   mongoose: [ '8.24.2' ],
26 silly audit   mpath: [ '0.9.0' ],
26 silly audit   mquery: [ '5.0.0' ],
26 silly audit   ms: [ '2.1.3' ],
26 silly audit   nanoid: [ '3.3.16' ],
26 silly audit   'napi-postinstall': [ '0.3.4' ],
26 silly audit   'natural-compare': [ '1.4.0' ],
26 silly audit   next: [ '16.3.0' ],
26 silly audit   'node-exports-info': [ '1.6.2' ],
26 silly audit   'node-fetch': [ '2.7.0' ],
26 silly audit   tr46: [ '0.0.3', '5.1.1' ],
26 silly audit   'webidl-conversions': [ '3.0.1', '7.0.0' ],
26 silly audit   'whatwg-url': [ '5.0.0', '14.2.0' ],
26 silly audit   'node-releases': [ '2.0.51' ],
26 silly audit   nodemailer: [ '6.10.1' ],
26 silly audit   'nth-check': [ '2.1.1' ],
26 silly audit   'object-assign': [ '4.1.1' ],
26 silly audit   'object-inspect': [ '1.13.4' ],
26 silly audit   'object-keys': [ '1.1.1' ],
26 silly audit   'object.assign': [ '4.1.7' ],
26 silly audit   'object.entries': [ '1.1.9' ],
26 silly audit   'object.fromentries': [ '2.0.8' ],
26 silly audit   'object.groupby': [ '1.0.3' ],
26 silly audit   'object.values': [ '1.2.1' ],
26 silly audit   optionator: [ '0.9.4' ],
26 silly audit   otplib: [ '13.4.1' ],
26 silly audit   'own-keys': [ '1.0.2' ],
26 silly audit   'p-limit': [ '3.1.0', '2.3.0' ],
26 silly audit   'p-locate': [ '5.0.0', '4.1.0' ],
26 silly audit   'p-try': [ '2.2.0' ],
26 silly audit   'parent-module': [ '1.0.1' ],
26 silly audit   parse5: [ '6.0.1' ],
26 silly audit   'parse5-htmlparser2-tree-adapter': [ '6.0.1' ],
26 silly audit   'path-exists': [ '4.0.0' ],
26 silly audit   'path-key': [ '3.1.1' ],
26 silly audit   'path-parse': [ '1.0.7' ],
26 silly audit   picocolors: [ '1.1.1' ],
26 silly audit   picomatch: [ '2.3.2', '4.0.5' ],
26 silly audit   pngjs: [ '5.0.0' ],
26 silly audit   'possible-typed-array-names': [ '1.1.0' ],
26 silly audit   postcss: [ '8.5.23' ],
26 silly audit   'prelude-ls': [ '1.2.1' ],
26 silly audit   'prop-types': [ '15.8.1' ],
26 silly audit   punycode: [ '2.3.1' ],
26 silly audit   qrcode: [ '1.5.4' ],
26 silly audit   'queue-microtask': [ '1.2.3' ],
26 silly audit   react: [ '19.2.4' ],
26 silly audit   'react-dom': [ '19.2.4' ],
26 silly audit   'react-is': [ '16.13.1' ],
26 silly audit   redis: [ '6.2.0' ],
26 silly audit   'reflect.getprototypeof': [ '1.0.10' ],
26 silly audit   'regexp.prototype.flags': [ '1.5.4' ],
26 silly audit   'require-directory': [ '2.1.1' ],
26 silly audit   'require-main-filename': [ '2.0.0' ],
26 silly audit   resolve: [ '2.0.0-next.7' ],
26 silly audit   'resolve-from': [ '4.0.0' ],
26 silly audit   'resolve-pkg-maps': [ '1.0.0' ],
26 silly audit   reusify: [ '1.1.0' ],
26 silly audit   'run-parallel': [ '1.2.0' ],
26 silly audit   'safe-array-concat': [ '1.1.4' ],
26 silly audit   'safe-buffer': [ '5.2.1' ],
26 silly audit   'safe-push-apply': [ '1.0.0' ],
26 silly audit   'safe-regex-test': [ '1.1.0' ],
26 silly audit   scheduler: [ '0.27.0' ],
26 silly audit   'set-blocking': [ '2.0.0' ],
26 silly audit   'set-function-length': [ '1.2.2' ],
26 silly audit   'set-function-name': [ '2.0.2' ],
26 silly audit   'set-proto': [ '1.0.0' ],
26 silly audit   sharp: [ '0.35.3' ],
26 silly audit   'shebang-command': [ '2.0.0' ],
26 silly audit   'shebang-regex': [ '3.0.0' ],
26 silly audit   'side-channel': [ '1.1.1' ],
26 silly audit   'side-channel-list': [ '1.0.1' ],
26 silly audit   'side-channel-map': [ '1.0.1' ],
26 silly audit   'side-channel-weakmap': [ '1.0.2' ],
26 silly audit   sift: [ '17.1.3' ],
26 silly audit   slick: [ '1.12.2' ],
26 silly audit   'source-map-js': [ '1.2.1' ],
26 silly audit   'sparse-bitfield': [ '3.0.3' ],
26 silly audit   'stable-hash': [ '0.0.5' ],
26 silly audit   'stop-iteration-iterator': [ '1.1.0' ],
26 silly audit   'string-width': [ '4.2.3' ],
26 silly audit   'string.prototype.includes': [ '2.0.1' ],
26 silly audit   'string.prototype.matchall': [ '4.0.12' ],
26 silly audit   'string.prototype.repeat': [ '1.0.0' ],
26 silly audit   'string.prototype.trim': [ '1.2.11' ],
26 silly audit   'string.prototype.trimend': [ '1.0.10' ],
26 silly audit   'string.prototype.trimstart': [ '1.0.8' ],
26 silly audit   'strip-ansi': [ '6.0.1' ],
26 silly audit   'strip-bom': [ '3.0.0' ],
26 silly audit   'strip-json-comments': [ '3.1.1' ],
26 silly audit   'styled-jsx': [ '5.1.6' ],
26 silly audit   'supports-color': [ '7.2.0' ],
26 silly audit   'supports-preserve-symlinks-flag': [ '1.0.0' ],
26 silly audit   tailwindcss: [ '4.3.3' ],
26 silly audit   tapable: [ '2.3.3' ],
26 silly audit   tinyglobby: [ '0.2.17' ],
26 silly audit   fdir: [ '6.5.0' ],
26 silly audit   'to-regex-range': [ '5.0.1' ],
26 silly audit   'ts-api-utils': [ '2.5.0' ],
26 silly audit   'tsconfig-paths': [ '3.15.0' ],
26 silly audit   tslib: [ '2.8.1' ],
26 silly audit   'type-check': [ '0.4.0' ],
26 silly audit   'typed-array-buffer': [ '1.0.3' ],
26 silly audit   'typed-array-byte-length': [ '1.0.3' ],
26 silly audit   'typed-array-byte-offset': [ '1.0.4' ],
26 silly audit   'typed-array-length': [ '1.0.8' ],
26 silly audit   typescript: [ '5.9.3' ],
26 silly audit   'typescript-eslint': [ '8.65.0' ],
26 silly audit   'unbox-primitive': [ '1.1.0' ],
26 silly audit   'undici-types': [ '6.21.0' ],
26 silly audit   'unrs-resolver': [ '1.12.2' ],
26 silly audit   'update-browserslist-db': [ '1.2.3' ],
26 silly audit   'uri-js': [ '4.4.1' ],
26 silly audit   'valid-data-url': [ '3.0.1' ],
26 silly audit   'web-resource-inliner': [ '6.0.1' ],
26 silly audit   which: [ '2.0.2' ],
26 silly audit   'which-boxed-primitive': [ '1.1.1' ],
26 silly audit   'which-builtin-type': [ '1.2.1' ],
26 silly audit   'which-collection': [ '1.0.2' ],
26 silly audit   'which-module': [ '2.0.1' ],
26 silly audit   'which-typed-array': [ '1.1.22' ],
26 silly audit   'word-wrap': [ '1.2.5' ],
26 silly audit   'wrap-ansi': [ '6.2.0' ],
26 silly audit   y18n: [ '4.0.3' ],
26 silly audit   yallist: [ '3.1.1' ],
26 silly audit   yargs: [ '15.4.1' ],
26 silly audit   'yargs-parser': [ '18.1.3' ],
26 silly audit   'yocto-queue': [ '0.1.0' ],
26 silly audit   zod: [ '3.25.76' ],
26 silly audit   'zod-validation-error': [ '4.0.2' ],
26 silly audit   zustand: [ '5.0.14' ]
26 silly audit }
27 http cache zustand@https://registry.npmjs.org/zustand/-/zustand-5.0.14.tgz 0ms (cache hit)
28 http cache yocto-queue@https://registry.npmjs.org/yocto-queue/-/yocto-queue-0.1.0.tgz 0ms (cache hit)
29 http cache yargs@https://registry.npmjs.org/yargs/-/yargs-15.4.1.tgz 0ms (cache hit)
30 http cache zod-validation-error@https://registry.npmjs.org/zod-validation-error/-/zod-validation-error-4.0.2.tgz 0ms (cache hit)
31 http cache yallist@https://registry.npmjs.org/yallist/-/yallist-3.1.1.tgz 0ms (cache hit)
32 http cache y18n@https://registry.npmjs.org/y18n/-/y18n-4.0.3.tgz 0ms (cache hit)
33 http cache zod@https://registry.npmjs.org/zod/-/zod-3.25.76.tgz 0ms (cache hit)
34 http cache which-module@https://registry.npmjs.org/which-module/-/which-module-2.0.1.tgz 0ms (cache hit)
35 http cache word-wrap@https://registry.npmjs.org/word-wrap/-/word-wrap-1.2.5.tgz 0ms (cache hit)
36 http cache which-typed-array@https://registry.npmjs.org/which-typed-array/-/which-typed-array-1.1.22.tgz 0ms (cache hit)
37 http cache wrap-ansi@https://registry.npmjs.org/wrap-ansi/-/wrap-ansi-6.2.0.tgz 0ms (cache hit)
38 http cache yargs-parser@https://registry.npmjs.org/yargs-parser/-/yargs-parser-18.1.3.tgz 0ms (cache hit)
39 http cache which-collection@https://registry.npmjs.org/which-collection/-/which-collection-1.0.2.tgz 0ms (cache hit)
40 http cache which-builtin-type@https://registry.npmjs.org/which-builtin-type/-/which-builtin-type-1.2.1.tgz 0ms (cache hit)
41 http cache webidl-conversions@https://registry.npmjs.org/webidl-conversions/-/webidl-conversions-7.0.0.tgz 0ms (cache hit)
42 http cache which-boxed-primitive@https://registry.npmjs.org/which-boxed-primitive/-/which-boxed-primitive-1.1.1.tgz 0ms (cache hit)
43 http cache which@https://registry.npmjs.org/which/-/which-2.0.2.tgz 0ms (cache hit)
44 http cache web-resource-inliner@https://registry.npmjs.org/web-resource-inliner/-/web-resource-inliner-6.0.1.tgz 0ms (cache hit)
45 http cache valid-data-url@https://registry.npmjs.org/valid-data-url/-/valid-data-url-3.0.1.tgz 0ms (cache hit)
46 http cache whatwg-url@https://registry.npmjs.org/whatwg-url/-/whatwg-url-14.2.0.tgz 0ms (cache hit)
47 http cache uri-js@https://registry.npmjs.org/uri-js/-/uri-js-4.4.1.tgz 0ms (cache hit)
48 http cache update-browserslist-db@https://registry.npmjs.org/update-browserslist-db/-/update-browserslist-db-1.2.3.tgz 0ms (cache hit)
49 http cache undici-types@https://registry.npmjs.org/undici-types/-/undici-types-6.21.0.tgz 0ms (cache hit)
50 http cache typed-array-length@https://registry.npmjs.org/typed-array-length/-/typed-array-length-1.0.8.tgz 0ms (cache hit)
51 http cache typescript-eslint@https://registry.npmjs.org/typescript-eslint/-/typescript-eslint-8.65.0.tgz 0ms (cache hit)
52 http cache unbox-primitive@https://registry.npmjs.org/unbox-primitive/-/unbox-primitive-1.1.0.tgz 0ms (cache hit)
53 http cache typescript@https://registry.npmjs.org/typescript/-/typescript-5.9.3.tgz 0ms (cache hit)
54 http cache unrs-resolver@https://registry.npmjs.org/unrs-resolver/-/unrs-resolver-1.12.2.tgz 0ms (cache hit)
55 http cache type-check@https://registry.npmjs.org/type-check/-/type-check-0.4.0.tgz 0ms (cache hit)
56 http cache typed-array-byte-length@https://registry.npmjs.org/typed-array-byte-length/-/typed-array-byte-length-1.0.3.tgz 0ms (cache hit)
57 http cache typed-array-buffer@https://registry.npmjs.org/typed-array-buffer/-/typed-array-buffer-1.0.3.tgz 0ms (cache hit)
58 http cache tslib@https://registry.npmjs.org/tslib/-/tslib-2.8.1.tgz 1ms (cache hit)
59 http cache typed-array-byte-offset@https://registry.npmjs.org/typed-array-byte-offset/-/typed-array-byte-offset-1.0.4.tgz 0ms (cache hit)
60 http cache tr46@https://registry.npmjs.org/tr46/-/tr46-5.1.1.tgz 0ms (cache hit)
61 http cache to-regex-range@https://registry.npmjs.org/to-regex-range/-/to-regex-range-5.0.1.tgz 0ms (cache hit)
62 http cache ts-api-utils@https://registry.npmjs.org/ts-api-utils/-/ts-api-utils-2.5.0.tgz 0ms (cache hit)
63 http cache tapable@https://registry.npmjs.org/tapable/-/tapable-2.3.3.tgz 0ms (cache hit)
64 http cache tinyglobby@https://registry.npmjs.org/tinyglobby/-/tinyglobby-0.2.17.tgz 0ms (cache hit)
65 http cache tsconfig-paths@https://registry.npmjs.org/tsconfig-paths/-/tsconfig-paths-3.15.0.tgz 0ms (cache hit)
66 http cache supports-preserve-symlinks-flag@https://registry.npmjs.org/supports-preserve-symlinks-flag/-/supports-preserve-symlinks-flag-1.0.0.tgz 0ms (cache hit)
67 http cache tailwindcss@https://registry.npmjs.org/tailwindcss/-/tailwindcss-4.3.3.tgz 0ms (cache hit)
68 http cache styled-jsx@https://registry.npmjs.org/styled-jsx/-/styled-jsx-5.1.6.tgz 0ms (cache hit)
69 http cache supports-color@https://registry.npmjs.org/supports-color/-/supports-color-7.2.0.tgz 0ms (cache hit)
70 http cache strip-ansi@https://registry.npmjs.org/strip-ansi/-/strip-ansi-6.0.1.tgz 0ms (cache hit)
71 http cache string.prototype.trimstart@https://registry.npmjs.org/string.prototype.trimstart/-/string.prototype.trimstart-1.0.8.tgz 0ms (cache hit)
72 http cache string.prototype.trimend@https://registry.npmjs.org/string.prototype.trimend/-/string.prototype.trimend-1.0.10.tgz 0ms (cache hit)
73 http cache strip-bom@https://registry.npmjs.org/strip-bom/-/strip-bom-3.0.0.tgz 0ms (cache hit)
74 http cache strip-json-comments@https://registry.npmjs.org/strip-json-comments/-/strip-json-comments-3.1.1.tgz 0ms (cache hit)
75 http cache string.prototype.matchall@https://registry.npmjs.org/string.prototype.matchall/-/string.prototype.matchall-4.0.12.tgz 0ms (cache hit)
76 http cache string.prototype.repeat@https://registry.npmjs.org/string.prototype.repeat/-/string.prototype.repeat-1.0.0.tgz 0ms (cache hit)
77 http cache stable-hash@https://registry.npmjs.org/stable-hash/-/stable-hash-0.0.5.tgz 0ms (cache hit)
78 http cache string.prototype.trim@https://registry.npmjs.org/string.prototype.trim/-/string.prototype.trim-1.2.11.tgz 1ms (cache hit)
79 http cache stop-iteration-iterator@https://registry.npmjs.org/stop-iteration-iterator/-/stop-iteration-iterator-1.1.0.tgz 0ms (cache hit)
80 http cache source-map-js@https://registry.npmjs.org/source-map-js/-/source-map-js-1.2.1.tgz 0ms (cache hit)
81 http cache string.prototype.includes@https://registry.npmjs.org/string.prototype.includes/-/string.prototype.includes-2.0.1.tgz 0ms (cache hit)
82 http cache sparse-bitfield@https://registry.npmjs.org/sparse-bitfield/-/sparse-bitfield-3.0.3.tgz 0ms (cache hit)
83 http cache slick@https://registry.npmjs.org/slick/-/slick-1.12.2.tgz 0ms (cache hit)
84 http cache string-width@https://registry.npmjs.org/string-width/-/string-width-4.2.3.tgz 0ms (cache hit)
85 http cache side-channel-map@https://registry.npmjs.org/side-channel-map/-/side-channel-map-1.0.1.tgz 0ms (cache hit)
86 http cache sift@https://registry.npmjs.org/sift/-/sift-17.1.3.tgz 0ms (cache hit)
87 http cache shebang-regex@https://registry.npmjs.org/shebang-regex/-/shebang-regex-3.0.0.tgz 0ms (cache hit)
88 http cache side-channel-weakmap@https://registry.npmjs.org/side-channel-weakmap/-/side-channel-weakmap-1.0.2.tgz 0ms (cache hit)
89 http cache side-channel@https://registry.npmjs.org/side-channel/-/side-channel-1.1.1.tgz 0ms (cache hit)
90 http cache sharp@https://registry.npmjs.org/sharp/-/sharp-0.35.3.tgz 0ms (cache hit)
91 http cache set-proto@https://registry.npmjs.org/set-proto/-/set-proto-1.0.0.tgz 0ms (cache hit)
92 http cache side-channel-list@https://registry.npmjs.org/side-channel-list/-/side-channel-list-1.0.1.tgz 0ms (cache hit)
93 http cache set-blocking@https://registry.npmjs.org/set-blocking/-/set-blocking-2.0.0.tgz 0ms (cache hit)
94 http cache shebang-command@https://registry.npmjs.org/shebang-command/-/shebang-command-2.0.0.tgz 0ms (cache hit)
95 http cache set-function-length@https://registry.npmjs.org/set-function-length/-/set-function-length-1.2.2.tgz 0ms (cache hit)
96 http cache scheduler@https://registry.npmjs.org/scheduler/-/scheduler-0.27.0.tgz 0ms (cache hit)
97 http cache set-function-name@https://registry.npmjs.org/set-function-name/-/set-function-name-2.0.2.tgz 0ms (cache hit)
98 http cache safe-regex-test@https://registry.npmjs.org/safe-regex-test/-/safe-regex-test-1.1.0.tgz 0ms (cache hit)
99 http cache semver@https://registry.npmjs.org/semver/-/semver-6.3.1.tgz 0ms (cache hit)
100 http cache run-parallel@https://registry.npmjs.org/run-parallel/-/run-parallel-1.2.0.tgz 0ms (cache hit)
101 http cache safe-buffer@https://registry.npmjs.org/safe-buffer/-/safe-buffer-5.2.1.tgz 0ms (cache hit)
102 http cache resolve-pkg-maps@https://registry.npmjs.org/resolve-pkg-maps/-/resolve-pkg-maps-1.0.0.tgz 0ms (cache hit)
103 http cache safe-array-concat@https://registry.npmjs.org/safe-array-concat/-/safe-array-concat-1.1.4.tgz 0ms (cache hit)
104 http cache require-main-filename@https://registry.npmjs.org/require-main-filename/-/require-main-filename-2.0.0.tgz 0ms (cache hit)
105 http cache resolve@https://registry.npmjs.org/resolve/-/resolve-2.0.0-next.7.tgz 0ms (cache hit)
106 http cache safe-push-apply@https://registry.npmjs.org/safe-push-apply/-/safe-push-apply-1.0.0.tgz 0ms (cache hit)
107 http cache resolve-from@https://registry.npmjs.org/resolve-from/-/resolve-from-4.0.0.tgz 0ms (cache hit)
108 http cache reusify@https://registry.npmjs.org/reusify/-/reusify-1.1.0.tgz 0ms (cache hit)
109 http cache require-directory@https://registry.npmjs.org/require-directory/-/require-directory-2.1.1.tgz 0ms (cache hit)
110 http cache reflect.getprototypeof@https://registry.npmjs.org/reflect.getprototypeof/-/reflect.getprototypeof-1.0.10.tgz 0ms (cache hit)
111 http cache react@https://registry.npmjs.org/react/-/react-19.2.4.tgz 0ms (cache hit)
112 http cache regexp.prototype.flags@https://registry.npmjs.org/regexp.prototype.flags/-/regexp.prototype.flags-1.5.4.tgz 0ms (cache hit)
113 http cache redis@https://registry.npmjs.org/redis/-/redis-6.2.0.tgz 0ms (cache hit)
114 http cache react-is@https://registry.npmjs.org/react-is/-/react-is-16.13.1.tgz 0ms (cache hit)
115 http cache qrcode@https://registry.npmjs.org/qrcode/-/qrcode-1.5.4.tgz 0ms (cache hit)
116 http cache prop-types@https://registry.npmjs.org/prop-types/-/prop-types-15.8.1.tgz 0ms (cache hit)
117 http cache postcss@https://registry.npmjs.org/postcss/-/postcss-8.5.23.tgz 0ms (cache hit)
118 http cache queue-microtask@https://registry.npmjs.org/queue-microtask/-/queue-microtask-1.2.3.tgz 0ms (cache hit)
119 http cache punycode@https://registry.npmjs.org/punycode/-/punycode-2.3.1.tgz 0ms (cache hit)
120 http cache pngjs@https://registry.npmjs.org/pngjs/-/pngjs-5.0.0.tgz 0ms (cache hit)
121 http cache react-dom@https://registry.npmjs.org/react-dom/-/react-dom-19.2.4.tgz 0ms (cache hit)
122 http cache path-parse@https://registry.npmjs.org/path-parse/-/path-parse-1.0.7.tgz 0ms (cache hit)
123 http cache possible-typed-array-names@https://registry.npmjs.org/possible-typed-array-names/-/possible-typed-array-names-1.1.0.tgz 0ms (cache hit)
124 http cache picomatch@https://registry.npmjs.org/picomatch/-/picomatch-2.3.2.tgz 0ms (cache hit)
125 http cache prelude-ls@https://registry.npmjs.org/prelude-ls/-/prelude-ls-1.2.1.tgz 0ms (cache hit)
126 http cache parent-module@https://registry.npmjs.org/parent-module/-/parent-module-1.0.1.tgz 0ms (cache hit)
127 http cache parse5-htmlparser2-tree-adapter@https://registry.npmjs.org/parse5-htmlparser2-tree-adapter/-/parse5-htmlparser2-tree-adapter-6.0.1.tgz 0ms (cache hit)
128 http cache picocolors@https://registry.npmjs.org/picocolors/-/picocolors-1.1.1.tgz 0ms (cache hit)
129 http cache path-exists@https://registry.npmjs.org/path-exists/-/path-exists-4.0.0.tgz 0ms (cache hit)
130 http cache own-keys@https://registry.npmjs.org/own-keys/-/own-keys-1.0.2.tgz 0ms (cache hit)
131 http cache parse5@https://registry.npmjs.org/parse5/-/parse5-6.0.1.tgz 0ms (cache hit)
132 http cache p-limit@https://registry.npmjs.org/p-limit/-/p-limit-3.1.0.tgz 0ms (cache hit)
133 http cache path-key@https://registry.npmjs.org/path-key/-/path-key-3.1.1.tgz 0ms (cache hit)
134 http cache p-locate@https://registry.npmjs.org/p-locate/-/p-locate-5.0.0.tgz 0ms (cache hit)
135 http cache p-try@https://registry.npmjs.org/p-try/-/p-try-2.2.0.tgz 0ms (cache hit)
136 http cache optionator@https://registry.npmjs.org/optionator/-/optionator-0.9.4.tgz 0ms (cache hit)
137 http cache otplib@https://registry.npmjs.org/otplib/-/otplib-13.4.1.tgz 0ms (cache hit)
138 http cache object.values@https://registry.npmjs.org/object.values/-/object.values-1.2.1.tgz 0ms (cache hit)
139 http cache object.groupby@https://registry.npmjs.org/object.groupby/-/object.groupby-1.0.3.tgz 0ms (cache hit)
140 http cache object.entries@https://registry.npmjs.org/object.entries/-/object.entries-1.1.9.tgz 0ms (cache hit)
141 http cache object-assign@https://registry.npmjs.org/object-assign/-/object-assign-4.1.1.tgz 1ms (cache hit)
142 http cache object.fromentries@https://registry.npmjs.org/object.fromentries/-/object.fromentries-2.0.8.tgz 0ms (cache hit)
143 http cache object-inspect@https://registry.npmjs.org/object-inspect/-/object-inspect-1.13.4.tgz 0ms (cache hit)
144 http cache object.assign@https://registry.npmjs.org/object.assign/-/object.assign-4.1.7.tgz 0ms (cache hit)
145 http cache nodemailer@https://registry.npmjs.org/nodemailer/-/nodemailer-6.10.1.tgz 0ms (cache hit)
146 http cache nth-check@https://registry.npmjs.org/nth-check/-/nth-check-2.1.1.tgz 0ms (cache hit)
147 http cache natural-compare@https://registry.npmjs.org/natural-compare/-/natural-compare-1.4.0.tgz 0ms (cache hit)
148 http cache node-releases@https://registry.npmjs.org/node-releases/-/node-releases-2.0.51.tgz 0ms (cache hit)
149 http cache object-keys@https://registry.npmjs.org/object-keys/-/object-keys-1.1.1.tgz 0ms (cache hit)
150 http cache node-fetch@https://registry.npmjs.org/node-fetch/-/node-fetch-2.7.0.tgz 0ms (cache hit)
151 http cache next@https://registry.npmjs.org/next/-/next-16.3.0.tgz 0ms (cache hit)
152 http cache node-exports-info@https://registry.npmjs.org/node-exports-info/-/node-exports-info-1.6.2.tgz 0ms (cache hit)
153 http cache ms@https://registry.npmjs.org/ms/-/ms-2.1.3.tgz 0ms (cache hit)
154 http cache mongoose@https://registry.npmjs.org/mongoose/-/mongoose-8.24.2.tgz 0ms (cache hit)
155 http cache napi-postinstall@https://registry.npmjs.org/napi-postinstall/-/napi-postinstall-0.3.4.tgz 0ms (cache hit)
156 http cache nanoid@https://registry.npmjs.org/nanoid/-/nanoid-3.3.16.tgz 0ms (cache hit)
157 http cache mongodb@https://registry.npmjs.org/mongodb/-/mongodb-6.20.0.tgz 0ms (cache hit)
158 http cache minimist@https://registry.npmjs.org/minimist/-/minimist-1.2.8.tgz 0ms (cache hit)
159 http cache mpath@https://registry.npmjs.org/mpath/-/mpath-0.9.0.tgz 0ms (cache hit)
160 http cache mquery@https://registry.npmjs.org/mquery/-/mquery-5.0.0.tgz 0ms (cache hit)
161 http cache minimatch@https://registry.npmjs.org/minimatch/-/minimatch-3.1.5.tgz 0ms (cache hit)
162 http cache mongodb-connection-string-url@https://registry.npmjs.org/mongodb-connection-string-url/-/mongodb-connection-string-url-3.0.2.tgz 0ms (cache hit)
163 http cache micromatch@https://registry.npmjs.org/micromatch/-/micromatch-4.0.8.tgz 0ms (cache hit)
164 http cache merge2@https://registry.npmjs.org/merge2/-/merge2-1.4.1.tgz 0ms (cache hit)
165 http cache memory-pager@https://registry.npmjs.org/memory-pager/-/memory-pager-1.5.0.tgz 0ms (cache hit)
166 http cache mime@https://registry.npmjs.org/mime/-/mime-2.6.0.tgz 0ms (cache hit)
167 http cache mensch@https://registry.npmjs.org/mensch/-/mensch-0.3.4.tgz 0ms (cache hit)
168 http cache mailgen@https://registry.npmjs.org/mailgen/-/mailgen-2.0.36.tgz 0ms (cache hit)
169 http cache magic-string@https://registry.npmjs.org/magic-string/-/magic-string-0.30.21.tgz 0ms (cache hit)
170 http cache math-intrinsics@https://registry.npmjs.org/math-intrinsics/-/math-intrinsics-1.1.0.tgz 0ms (cache hit)
171 http cache lru-cache@https://registry.npmjs.org/lru-cache/-/lru-cache-5.1.1.tgz 0ms (cache hit)
172 http cache lodash.isplainobject@https://registry.npmjs.org/lodash.isplainobject/-/lodash.isplainobject-4.0.6.tgz 0ms (cache hit)
173 http cache loose-envify@https://registry.npmjs.org/loose-envify/-/loose-envify-1.4.0.tgz 0ms (cache hit)
174 http cache lodash.merge@https://registry.npmjs.org/lodash.merge/-/lodash.merge-4.6.2.tgz 0ms (cache hit)
175 http cache lodash.once@https://registry.npmjs.org/lodash.once/-/lodash.once-4.1.1.tgz 0ms (cache hit)
176 http cache lodash.isstring@https://registry.npmjs.org/lodash.isstring/-/lodash.isstring-4.0.1.tgz 0ms (cache hit)
177 http cache lightningcss-win32-x64-msvc@https://registry.npmjs.org/lightningcss-win32-x64-msvc/-/lightningcss-win32-x64-msvc-1.32.0.tgz 0ms (cache hit)
178 http cache lodash.includes@https://registry.npmjs.org/lodash.includes/-/lodash.includes-4.3.0.tgz 0ms (cache hit)
179 http cache lodash.isinteger@https://registry.npmjs.org/lodash.isinteger/-/lodash.isinteger-4.0.4.tgz 0ms (cache hit)
180 http cache lodash.isnumber@https://registry.npmjs.org/lodash.isnumber/-/lodash.isnumber-3.0.3.tgz 0ms (cache hit)
181 http cache lodash.isboolean@https://registry.npmjs.org/lodash.isboolean/-/lodash.isboolean-3.0.3.tgz 0ms (cache hit)
182 http cache locate-path@https://registry.npmjs.org/locate-path/-/locate-path-6.0.0.tgz 0ms (cache hit)
183 http cache lightningcss@https://registry.npmjs.org/lightningcss/-/lightningcss-1.32.0.tgz 0ms (cache hit)
184 http cache language-subtag-registry@https://registry.npmjs.org/language-subtag-registry/-/language-subtag-registry-0.3.23.tgz 0ms (cache hit)
185 http cache kareem@https://registry.npmjs.org/kareem/-/kareem-2.6.3.tgz 0ms (cache hit)
186 http cache language-tags@https://registry.npmjs.org/language-tags/-/language-tags-1.0.9.tgz 0ms (cache hit)
187 http cache juice@https://registry.npmjs.org/juice/-/juice-8.1.0.tgz 0ms (cache hit)
188 http cache jws@https://registry.npmjs.org/jws/-/jws-4.0.1.tgz 0ms (cache hit)
189 http cache keyv@https://registry.npmjs.org/keyv/-/keyv-4.5.4.tgz 0ms (cache hit)
190 http cache levn@https://registry.npmjs.org/levn/-/levn-0.4.1.tgz 0ms (cache hit)
191 http cache jsx-ast-utils@https://registry.npmjs.org/jsx-ast-utils/-/jsx-ast-utils-3.3.5.tgz 0ms (cache hit)
192 http cache json-stable-stringify-without-jsonify@https://registry.npmjs.org/json-stable-stringify-without-jsonify/-/json-stable-stringify-without-jsonify-1.0.1.tgz 0ms (cache hit)
193 http cache json-schema-traverse@https://registry.npmjs.org/json-schema-traverse/-/json-schema-traverse-0.4.1.tgz 0ms (cache hit)
194 http cache json5@https://registry.npmjs.org/json5/-/json5-2.2.3.tgz 0ms (cache hit)
195 http cache jwa@https://registry.npmjs.org/jwa/-/jwa-2.0.1.tgz 0ms (cache hit)
196 http cache jsesc@https://registry.npmjs.org/jsesc/-/jsesc-3.1.0.tgz 0ms (cache hit)
197 http cache jsonwebtoken@https://registry.npmjs.org/jsonwebtoken/-/jsonwebtoken-9.0.3.tgz 0ms (cache hit)
198 http cache js-yaml@https://registry.npmjs.org/js-yaml/-/js-yaml-4.3.0.tgz 0ms (cache hit)
199 http cache jiti@https://registry.npmjs.org/jiti/-/jiti-2.7.0.tgz 0ms (cache hit)
200 http cache json-buffer@https://registry.npmjs.org/json-buffer/-/json-buffer-3.0.1.tgz 0ms (cache hit)
201 http cache jake@https://registry.npmjs.org/jake/-/jake-10.9.4.tgz 0ms (cache hit)
202 http cache isarray@https://registry.npmjs.org/isarray/-/isarray-2.0.5.tgz 0ms (cache hit)
203 http cache js-tokens@https://registry.npmjs.org/js-tokens/-/js-tokens-4.0.0.tgz 0ms (cache hit)
204 http cache isexe@https://registry.npmjs.org/isexe/-/isexe-2.0.0.tgz 0ms (cache hit)
205 http cache is-weakset@https://registry.npmjs.org/is-weakset/-/is-weakset-2.0.4.tgz 0ms (cache hit)
206 http cache iterator.prototype@https://registry.npmjs.org/iterator.prototype/-/iterator.prototype-1.1.5.tgz 0ms (cache hit)
207 http cache is-weakmap@https://registry.npmjs.org/is-weakmap/-/is-weakmap-2.0.2.tgz 0ms (cache hit)
208 http cache is-weakref@https://registry.npmjs.org/is-weakref/-/is-weakref-1.1.1.tgz 0ms (cache hit)
209 http cache is-typed-array@https://registry.npmjs.org/is-typed-array/-/is-typed-array-1.1.15.tgz 0ms (cache hit)
210 http cache is-string@https://registry.npmjs.org/is-string/-/is-string-1.1.1.tgz 0ms (cache hit)
211 http cache is-symbol@https://registry.npmjs.org/is-symbol/-/is-symbol-1.1.1.tgz 0ms (cache hit)
212 http cache is-set@https://registry.npmjs.org/is-set/-/is-set-2.0.3.tgz 0ms (cache hit)
213 http cache is-number-object@https://registry.npmjs.org/is-number-object/-/is-number-object-1.1.1.tgz 0ms (cache hit)
214 http cache is-regex@https://registry.npmjs.org/is-regex/-/is-regex-1.2.1.tgz 0ms (cache hit)
215 http cache is-number@https://registry.npmjs.org/is-number/-/is-number-7.0.0.tgz 0ms (cache hit)
216 http cache is-map@https://registry.npmjs.org/is-map/-/is-map-2.0.3.tgz 0ms (cache hit)
217 http cache is-negative-zero@https://registry.npmjs.org/is-negative-zero/-/is-negative-zero-2.0.3.tgz 0ms (cache hit)
218 http cache is-shared-array-buffer@https://registry.npmjs.org/is-shared-array-buffer/-/is-shared-array-buffer-1.0.4.tgz 0ms (cache hit)
219 http cache is-glob@https://registry.npmjs.org/is-glob/-/is-glob-4.0.3.tgz 0ms (cache hit)
220 http cache is-generator-function@https://registry.npmjs.org/is-generator-function/-/is-generator-function-1.1.2.tgz 0ms (cache hit)
221 http cache is-fullwidth-code-point@https://registry.npmjs.org/is-fullwidth-code-point/-/is-fullwidth-code-point-3.0.0.tgz 0ms (cache hit)
222 http cache is-date-object@https://registry.npmjs.org/is-date-object/-/is-date-object-1.1.0.tgz 0ms (cache hit)
223 http cache is-document.all@https://registry.npmjs.org/is-document.all/-/is-document.all-1.0.0.tgz 0ms (cache hit)
224 http cache is-finalizationregistry@https://registry.npmjs.org/is-finalizationregistry/-/is-finalizationregistry-1.1.1.tgz 0ms (cache hit)
225 http cache is-data-view@https://registry.npmjs.org/is-data-view/-/is-data-view-1.0.2.tgz 0ms (cache hit)
226 http cache is-callable@https://registry.npmjs.org/is-callable/-/is-callable-1.2.7.tgz 0ms (cache hit)
227 http cache is-core-module@https://registry.npmjs.org/is-core-module/-/is-core-module-2.16.2.tgz 0ms (cache hit)
228 http cache is-boolean-object@https://registry.npmjs.org/is-boolean-object/-/is-boolean-object-1.2.2.tgz 0ms (cache hit)
229 http cache is-bigint@https://registry.npmjs.org/is-bigint/-/is-bigint-1.1.0.tgz 0ms (cache hit)
230 http cache is-async-function@https://registry.npmjs.org/is-async-function/-/is-async-function-2.1.1.tgz 0ms (cache hit)
231 http cache is-extglob@https://registry.npmjs.org/is-extglob/-/is-extglob-2.1.1.tgz 0ms (cache hit)
232 http cache is-bun-module@https://registry.npmjs.org/is-bun-module/-/is-bun-module-2.0.0.tgz 0ms (cache hit)
233 http cache is-array-buffer@https://registry.npmjs.org/is-array-buffer/-/is-array-buffer-3.0.5.tgz 0ms (cache hit)
234 http cache internal-slot@https://registry.npmjs.org/internal-slot/-/internal-slot-1.1.0.tgz 0ms (cache hit)
235 http cache ignore@https://registry.npmjs.org/ignore/-/ignore-5.3.2.tgz 0ms (cache hit)
236 http cache import-fresh@https://registry.npmjs.org/import-fresh/-/import-fresh-3.3.1.tgz 0ms (cache hit)
237 http cache hermes-parser@https://registry.npmjs.org/hermes-parser/-/hermes-parser-0.25.1.tgz 0ms (cache hit)
238 http cache html5-qrcode@https://registry.npmjs.org/html5-qrcode/-/html5-qrcode-2.3.8.tgz 0ms (cache hit)
239 http cache imurmurhash@https://registry.npmjs.org/imurmurhash/-/imurmurhash-0.1.4.tgz 0ms (cache hit)
240 http cache htmlparser2@https://registry.npmjs.org/htmlparser2/-/htmlparser2-6.1.0.tgz 0ms (cache hit)
241 http cache he@https://registry.npmjs.org/he/-/he-1.2.0.tgz 0ms (cache hit)
242 http cache hermes-estree@https://registry.npmjs.org/hermes-estree/-/hermes-estree-0.25.1.tgz 0ms (cache hit)
243 http cache has-tostringtag@https://registry.npmjs.org/has-tostringtag/-/has-tostringtag-1.0.2.tgz 0ms (cache hit)
244 http cache has-symbols@https://registry.npmjs.org/has-symbols/-/has-symbols-1.1.0.tgz 0ms (cache hit)
245 http cache has-proto@https://registry.npmjs.org/has-proto/-/has-proto-1.2.0.tgz 0ms (cache hit)
246 http cache has-flag@https://registry.npmjs.org/has-flag/-/has-flag-4.0.0.tgz 0ms (cache hit)
247 http cache has-property-descriptors@https://registry.npmjs.org/has-property-descriptors/-/has-property-descriptors-1.0.2.tgz 0ms (cache hit)
248 http cache graceful-fs@https://registry.npmjs.org/graceful-fs/-/graceful-fs-4.2.11.tgz 0ms (cache hit)
249 http cache hasown@https://registry.npmjs.org/hasown/-/hasown-2.0.4.tgz 0ms (cache hit)
250 http cache globalthis@https://registry.npmjs.org/globalthis/-/globalthis-1.0.4.tgz 0ms (cache hit)
251 http cache has-bigints@https://registry.npmjs.org/has-bigints/-/has-bigints-1.1.0.tgz 0ms (cache hit)
252 http cache gopd@https://registry.npmjs.org/gopd/-/gopd-1.2.0.tgz 0ms (cache hit)
253 http cache glob-parent@https://registry.npmjs.org/glob-parent/-/glob-parent-6.0.2.tgz 0ms (cache hit)
254 http cache globals@https://registry.npmjs.org/globals/-/globals-14.0.0.tgz 0ms (cache hit)
255 http cache get-symbol-description@https://registry.npmjs.org/get-symbol-description/-/get-symbol-description-1.1.0.tgz 0ms (cache hit)
256 http cache get-proto@https://registry.npmjs.org/get-proto/-/get-proto-1.0.1.tgz 1ms (cache hit)
257 http cache get-intrinsic@https://registry.npmjs.org/get-intrinsic/-/get-intrinsic-1.3.0.tgz 0ms (cache hit)
258 http cache get-tsconfig@https://registry.npmjs.org/get-tsconfig/-/get-tsconfig-4.14.0.tgz 0ms (cache hit)
259 http cache generator-function@https://registry.npmjs.org/generator-function/-/generator-function-2.0.1.tgz 0ms (cache hit)
260 http cache gensync@https://registry.npmjs.org/gensync/-/gensync-1.0.0-beta.2.tgz 0ms (cache hit)
261 http cache get-caller-file@https://registry.npmjs.org/get-caller-file/-/get-caller-file-2.0.5.tgz 0ms (cache hit)
262 http cache function-bind@https://registry.npmjs.org/function-bind/-/function-bind-1.1.2.tgz 0ms (cache hit)
263 http cache flatted@https://registry.npmjs.org/flatted/-/flatted-3.4.3.tgz 0ms (cache hit)
264 http cache functions-have-names@https://registry.npmjs.org/functions-have-names/-/functions-have-names-1.2.3.tgz 0ms (cache hit)
265 http cache find-up@https://registry.npmjs.org/find-up/-/find-up-5.0.0.tgz 0ms (cache hit)
266 http cache function.prototype.name@https://registry.npmjs.org/function.prototype.name/-/function.prototype.name-1.2.0.tgz 0ms (cache hit)
267 http cache fill-range@https://registry.npmjs.org/fill-range/-/fill-range-7.1.1.tgz 0ms (cache hit)
268 http cache for-each@https://registry.npmjs.org/for-each/-/for-each-0.3.5.tgz 0ms (cache hit)
269 http cache flat-cache@https://registry.npmjs.org/flat-cache/-/flat-cache-4.0.1.tgz 0ms (cache hit)
270 http cache fastq@https://registry.npmjs.org/fastq/-/fastq-1.20.1.tgz 0ms (cache hit)
271 http cache filelist@https://registry.npmjs.org/filelist/-/filelist-1.0.6.tgz 0ms (cache hit)
272 http cache fast-levenshtein@https://registry.npmjs.org/fast-levenshtein/-/fast-levenshtein-2.0.6.tgz 0ms (cache hit)
273 http cache fast-json-stable-stringify@https://registry.npmjs.org/fast-json-stable-stringify/-/fast-json-stable-stringify-2.1.0.tgz 0ms (cache hit)
274 http cache file-entry-cache@https://registry.npmjs.org/file-entry-cache/-/file-entry-cache-8.0.0.tgz 0ms (cache hit)
275 http cache estraverse@https://registry.npmjs.org/estraverse/-/estraverse-5.3.0.tgz 0ms (cache hit)
276 http cache fast-deep-equal@https://registry.npmjs.org/fast-deep-equal/-/fast-deep-equal-3.1.3.tgz 0ms (cache hit)
277 http cache esutils@https://registry.npmjs.org/esutils/-/esutils-2.0.3.tgz 0ms (cache hit)
278 http cache espree@https://registry.npmjs.org/espree/-/espree-10.4.0.tgz 0ms (cache hit)
279 http cache eslint-scope@https://registry.npmjs.org/eslint-scope/-/eslint-scope-8.4.0.tgz 0ms (cache hit)
280 http cache esrecurse@https://registry.npmjs.org/esrecurse/-/esrecurse-4.3.0.tgz 0ms (cache hit)
281 http cache fast-glob@https://registry.npmjs.org/fast-glob/-/fast-glob-3.3.1.tgz 0ms (cache hit)
282 http cache esquery@https://registry.npmjs.org/esquery/-/esquery-1.7.0.tgz 0ms (cache hit)
283 http cache eslint-plugin-react-hooks@https://registry.npmjs.org/eslint-plugin-react-hooks/-/eslint-plugin-react-hooks-7.1.1.tgz 0ms (cache hit)
284 http cache eslint-plugin-react@https://registry.npmjs.org/eslint-plugin-react/-/eslint-plugin-react-7.37.5.tgz 0ms (cache hit)
285 http cache eslint-plugin-import@https://registry.npmjs.org/eslint-plugin-import/-/eslint-plugin-import-2.32.0.tgz 0ms (cache hit)
286 http cache eslint-visitor-keys@https://registry.npmjs.org/eslint-visitor-keys/-/eslint-visitor-keys-4.2.1.tgz 0ms (cache hit)
287 http cache eslint-import-resolver-typescript@https://registry.npmjs.org/eslint-import-resolver-typescript/-/eslint-import-resolver-typescript-3.10.1.tgz 0ms (cache hit)
288 http cache eslint-plugin-jsx-a11y@https://registry.npmjs.org/eslint-plugin-jsx-a11y/-/eslint-plugin-jsx-a11y-6.10.2.tgz 0ms (cache hit)
289 http cache eslint-config-next@https://registry.npmjs.org/eslint-config-next/-/eslint-config-next-16.2.12.tgz 0ms (cache hit)
290 http cache eslint@https://registry.npmjs.org/eslint/-/eslint-9.39.5.tgz 0ms (cache hit)
291 http cache escape-string-regexp@https://registry.npmjs.org/escape-string-regexp/-/escape-string-regexp-4.0.0.tgz 0ms (cache hit)
292 http cache eslint-import-resolver-node@https://registry.npmjs.org/eslint-import-resolver-node/-/eslint-import-resolver-node-0.3.10.tgz 0ms (cache hit)
293 http cache eslint-module-utils@https://registry.npmjs.org/eslint-module-utils/-/eslint-module-utils-2.14.0.tgz 0ms (cache hit)
294 http cache escape-goat@https://registry.npmjs.org/escape-goat/-/escape-goat-3.0.0.tgz 0ms (cache hit)
295 http cache es-shim-unscopables@https://registry.npmjs.org/es-shim-unscopables/-/es-shim-unscopables-1.1.0.tgz 0ms (cache hit)
296 http cache escalade@https://registry.npmjs.org/escalade/-/escalade-3.2.0.tgz 0ms (cache hit)
297 http cache es-object-atoms@https://registry.npmjs.org/es-object-atoms/-/es-object-atoms-1.1.2.tgz 0ms (cache hit)
298 http cache es-to-primitive@https://registry.npmjs.org/es-to-primitive/-/es-to-primitive-1.3.4.tgz 0ms (cache hit)
299 http cache es-iterator-helpers@https://registry.npmjs.org/es-iterator-helpers/-/es-iterator-helpers-1.4.0.tgz 0ms (cache hit)
300 http cache es-set-tostringtag@https://registry.npmjs.org/es-set-tostringtag/-/es-set-tostringtag-2.1.0.tgz 0ms (cache hit)
301 http cache es-abstract-get@https://registry.npmjs.org/es-abstract-get/-/es-abstract-get-1.0.0.tgz 0ms (cache hit)
302 http cache es-abstract@https://registry.npmjs.org/es-abstract/-/es-abstract-1.24.2.tgz 0ms (cache hit)
303 http cache es-errors@https://registry.npmjs.org/es-errors/-/es-errors-1.3.0.tgz 0ms (cache hit)
304 http cache entities@https://registry.npmjs.org/entities/-/entities-2.2.0.tgz 0ms (cache hit)
305 http cache enhanced-resolve@https://registry.npmjs.org/enhanced-resolve/-/enhanced-resolve-5.24.3.tgz 0ms (cache hit)
306 http cache ecdsa-sig-formatter@https://registry.npmjs.org/ecdsa-sig-formatter/-/ecdsa-sig-formatter-1.0.11.tgz 0ms (cache hit)
307 http cache ejs@https://registry.npmjs.org/ejs/-/ejs-3.1.10.tgz 0ms (cache hit)
308 http cache es-define-property@https://registry.npmjs.org/es-define-property/-/es-define-property-1.0.1.tgz 0ms (cache hit)
309 http cache electron-to-chromium@https://registry.npmjs.org/electron-to-chromium/-/electron-to-chromium-1.5.396.tgz 0ms (cache hit)
310 http cache emoji-regex@https://registry.npmjs.org/emoji-regex/-/emoji-regex-9.2.2.tgz 0ms (cache hit)
311 http cache domhandler@https://registry.npmjs.org/domhandler/-/domhandler-4.3.1.tgz 0ms (cache hit)
312 http cache dom-serializer@https://registry.npmjs.org/dom-serializer/-/dom-serializer-1.4.1.tgz 0ms (cache hit)
313 http cache dunder-proto@https://registry.npmjs.org/dunder-proto/-/dunder-proto-1.0.1.tgz 0ms (cache hit)
314 http cache domutils@https://registry.npmjs.org/domutils/-/domutils-2.8.0.tgz 0ms (cache hit)
315 http cache domelementtype@https://registry.npmjs.org/domelementtype/-/domelementtype-2.3.0.tgz 0ms (cache hit)
316 http cache dijkstrajs@https://registry.npmjs.org/dijkstrajs/-/dijkstrajs-1.0.3.tgz 0ms (cache hit)
317 http cache dotenv@https://registry.npmjs.org/dotenv/-/dotenv-17.4.2.tgz 0ms (cache hit)
318 http cache doctrine@https://registry.npmjs.org/doctrine/-/doctrine-2.1.0.tgz 0ms (cache hit)
319 http cache define-properties@https://registry.npmjs.org/define-properties/-/define-properties-1.2.1.tgz 0ms (cache hit)
320 http cache detect-libc@https://registry.npmjs.org/detect-libc/-/detect-libc-2.1.2.tgz 0ms (cache hit)
321 http cache decamelize@https://registry.npmjs.org/decamelize/-/decamelize-1.2.0.tgz 0ms (cache hit)
322 http cache define-data-property@https://registry.npmjs.org/define-data-property/-/define-data-property-1.1.4.tgz 0ms (cache hit)
323 http cache debug@https://registry.npmjs.org/debug/-/debug-4.4.3.tgz 0ms (cache hit)
324 http cache deep-is@https://registry.npmjs.org/deep-is/-/deep-is-0.1.4.tgz 0ms (cache hit)
325 http cache data-view-byte-length@https://registry.npmjs.org/data-view-byte-length/-/data-view-byte-length-1.0.2.tgz 0ms (cache hit)
326 http cache damerau-levenshtein@https://registry.npmjs.org/damerau-levenshtein/-/damerau-levenshtein-1.0.8.tgz 0ms (cache hit)
327 http cache data-view-buffer@https://registry.npmjs.org/data-view-buffer/-/data-view-buffer-1.0.2.tgz 0ms (cache hit)
328 http cache csstype@https://registry.npmjs.org/csstype/-/csstype-3.2.3.tgz 0ms (cache hit)
329 http cache css-what@https://registry.npmjs.org/css-what/-/css-what-6.2.2.tgz 0ms (cache hit)
330 http cache data-view-byte-offset@https://registry.npmjs.org/data-view-byte-offset/-/data-view-byte-offset-1.0.1.tgz 0ms (cache hit)
331 http cache cross-spawn@https://registry.npmjs.org/cross-spawn/-/cross-spawn-7.0.6.tgz 0ms (cache hit)
332 http cache css-select@https://registry.npmjs.org/css-select/-/css-select-4.3.0.tgz 0ms (cache hit)
333 http cache concat-map@https://registry.npmjs.org/concat-map/-/concat-map-0.0.1.tgz 0ms (cache hit)
334 http cache commander@https://registry.npmjs.org/commander/-/commander-6.2.1.tgz 0ms (cache hit)
335 http cache convert-source-map@https://registry.npmjs.org/convert-source-map/-/convert-source-map-2.0.0.tgz 0ms (cache hit)
336 http cache cluster-key-slot@https://registry.npmjs.org/cluster-key-slot/-/cluster-key-slot-1.1.2.tgz 0ms (cache hit)
337 http cache cliui@https://registry.npmjs.org/cliui/-/cliui-6.0.0.tgz 0ms (cache hit)
338 http cache color-name@https://registry.npmjs.org/color-name/-/color-name-1.1.4.tgz 0ms (cache hit)
339 http cache client-only@https://registry.npmjs.org/client-only/-/client-only-0.0.1.tgz 0ms (cache hit)
340 http cache cheerio-select@https://registry.npmjs.org/cheerio-select/-/cheerio-select-1.6.0.tgz 0ms (cache hit)
341 http cache color-convert@https://registry.npmjs.org/color-convert/-/color-convert-2.0.1.tgz 0ms (cache hit)
342 http cache camelcase@https://registry.npmjs.org/camelcase/-/camelcase-5.3.1.tgz 0ms (cache hit)
343 http cache cheerio@https://registry.npmjs.org/cheerio/-/cheerio-1.0.0-rc.10.tgz 0ms (cache hit)
344 http cache chalk@https://registry.npmjs.org/chalk/-/chalk-4.1.2.tgz 0ms (cache hit)
345 http cache callsites@https://registry.npmjs.org/callsites/-/callsites-3.1.0.tgz 0ms (cache hit)
346 http cache caniuse-lite@https://registry.npmjs.org/caniuse-lite/-/caniuse-lite-1.0.30001806.tgz 0ms (cache hit)
347 http cache buffer-equal-constant-time@https://registry.npmjs.org/buffer-equal-constant-time/-/buffer-equal-constant-time-1.0.1.tgz 0ms (cache hit)
348 http cache bson@https://registry.npmjs.org/bson/-/bson-6.10.4.tgz 0ms (cache hit)
349 http cache call-bind@https://registry.npmjs.org/call-bind/-/call-bind-1.0.9.tgz 0ms (cache hit)
350 http cache browserslist@https://registry.npmjs.org/browserslist/-/browserslist-4.28.7.tgz 0ms (cache hit)
351 http cache call-bind-apply-helpers@https://registry.npmjs.org/call-bind-apply-helpers/-/call-bind-apply-helpers-1.0.2.tgz 0ms (cache hit)
352 http cache call-bound@https://registry.npmjs.org/call-bound/-/call-bound-1.0.4.tgz 0ms (cache hit)
353 http cache braces@https://registry.npmjs.org/braces/-/braces-3.0.3.tgz 0ms (cache hit)
354 http cache brace-expansion@https://registry.npmjs.org/brace-expansion/-/brace-expansion-1.1.16.tgz 0ms (cache hit)
355 http cache boolbase@https://registry.npmjs.org/boolbase/-/boolbase-1.0.0.tgz 0ms (cache hit)
356 http cache bcryptjs@https://registry.npmjs.org/bcryptjs/-/bcryptjs-2.4.3.tgz 0ms (cache hit)
357 http cache baseline-browser-mapping@https://registry.npmjs.org/baseline-browser-mapping/-/baseline-browser-mapping-2.11.5.tgz 0ms (cache hit)
358 http cache axe-core@https://registry.npmjs.org/axe-core/-/axe-core-4.12.1.tgz 0ms (cache hit)
359 http cache balanced-match@https://registry.npmjs.org/balanced-match/-/balanced-match-1.0.2.tgz 0ms (cache hit)
360 http cache axobject-query@https://registry.npmjs.org/axobject-query/-/axobject-query-4.1.0.tgz 0ms (cache hit)
361 http cache available-typed-arrays@https://registry.npmjs.org/available-typed-arrays/-/available-typed-arrays-1.0.7.tgz 0ms (cache hit)
362 http cache async-function@https://registry.npmjs.org/async-function/-/async-function-1.0.0.tgz 0ms (cache hit)
363 http cache ast-types-flow@https://registry.npmjs.org/ast-types-flow/-/ast-types-flow-0.0.8.tgz 0ms (cache hit)
364 http cache array.prototype.flatmap@https://registry.npmjs.org/array.prototype.flatmap/-/array.prototype.flatmap-1.3.3.tgz 0ms (cache hit)
365 http cache async@https://registry.npmjs.org/async/-/async-3.2.6.tgz 0ms (cache hit)
366 http cache arraybuffer.prototype.slice@https://registry.npmjs.org/arraybuffer.prototype.slice/-/arraybuffer.prototype.slice-1.0.4.tgz 0ms (cache hit)
367 http cache array.prototype.findlast@https://registry.npmjs.org/array.prototype.findlast/-/array.prototype.findlast-1.2.5.tgz 0ms (cache hit)
368 http cache array.prototype.tosorted@https://registry.npmjs.org/array.prototype.tosorted/-/array.prototype.tosorted-1.1.4.tgz 0ms (cache hit)
369 http cache array.prototype.findlastindex@https://registry.npmjs.org/array.prototype.findlastindex/-/array.prototype.findlastindex-1.2.6.tgz 0ms (cache hit)
370 http cache array.prototype.flat@https://registry.npmjs.org/array.prototype.flat/-/array.prototype.flat-1.3.3.tgz 0ms (cache hit)
371 http cache array-buffer-byte-length@https://registry.npmjs.org/array-buffer-byte-length/-/array-buffer-byte-length-1.0.2.tgz 0ms (cache hit)
372 http cache argparse@https://registry.npmjs.org/argparse/-/argparse-2.0.1.tgz 0ms (cache hit)
373 http cache ansi-styles@https://registry.npmjs.org/ansi-styles/-/ansi-styles-4.3.0.tgz 0ms (cache hit)
374 http cache aria-query@https://registry.npmjs.org/aria-query/-/aria-query-5.3.2.tgz 0ms (cache hit)
375 http cache @unrs/resolver-binding-win32-x64-msvc@https://registry.npmjs.org/@unrs/resolver-binding-win32-x64-msvc/-/resolver-binding-win32-x64-msvc-1.12.2.tgz 0ms (cache hit)
376 http cache @typescript-eslint/utils@https://registry.npmjs.org/@typescript-eslint/utils/-/utils-8.65.0.tgz 0ms (cache hit)
377 http cache array-includes@https://registry.npmjs.org/array-includes/-/array-includes-3.1.9.tgz 0ms (cache hit)
378 http cache acorn-jsx@https://registry.npmjs.org/acorn-jsx/-/acorn-jsx-5.3.2.tgz 0ms (cache hit)
379 http cache @typescript-eslint/typescript-estree@https://registry.npmjs.org/@typescript-eslint/typescript-estree/-/typescript-estree-8.65.0.tgz 0ms (cache hit)
380 http cache ansi-regex@https://registry.npmjs.org/ansi-regex/-/ansi-regex-5.0.1.tgz 0ms (cache hit)
381 http cache @typescript-eslint/scope-manager@https://registry.npmjs.org/@typescript-eslint/scope-manager/-/scope-manager-8.65.0.tgz 0ms (cache hit)
382 http cache @typescript-eslint/types@https://registry.npmjs.org/@typescript-eslint/types/-/types-8.65.0.tgz 0ms (cache hit)
383 http cache @typescript-eslint/type-utils@https://registry.npmjs.org/@typescript-eslint/type-utils/-/type-utils-8.65.0.tgz 0ms (cache hit)
384 http cache @typescript-eslint/tsconfig-utils@https://registry.npmjs.org/@typescript-eslint/tsconfig-utils/-/tsconfig-utils-8.65.0.tgz 0ms (cache hit)
385 http cache @typescript-eslint/project-service@https://registry.npmjs.org/@typescript-eslint/project-service/-/project-service-8.65.0.tgz 0ms (cache hit)
386 http cache @typescript-eslint/visitor-keys@https://registry.npmjs.org/@typescript-eslint/visitor-keys/-/visitor-keys-8.65.0.tgz 0ms (cache hit)
387 http cache acorn@https://registry.npmjs.org/acorn/-/acorn-8.17.0.tgz 0ms (cache hit)
388 http cache @typescript-eslint/parser@https://registry.npmjs.org/@typescript-eslint/parser/-/parser-8.65.0.tgz 0ms (cache hit)
389 http cache ansi-colors@https://registry.npmjs.org/ansi-colors/-/ansi-colors-4.1.3.tgz 0ms (cache hit)
390 http cache @typescript-eslint/eslint-plugin@https://registry.npmjs.org/@typescript-eslint/eslint-plugin/-/eslint-plugin-8.65.0.tgz 0ms (cache hit)
391 http cache @types/webidl-conversions@https://registry.npmjs.org/@types/webidl-conversions/-/webidl-conversions-7.0.3.tgz 0ms (cache hit)
392 http cache ajv@https://registry.npmjs.org/ajv/-/ajv-6.15.0.tgz 0ms (cache hit)
393 http cache @types/react-dom@https://registry.npmjs.org/@types/react-dom/-/react-dom-19.2.3.tgz 0ms (cache hit)
394 http cache @types/whatwg-url@https://registry.npmjs.org/@types/whatwg-url/-/whatwg-url-11.0.5.tgz 0ms (cache hit)
395 http cache @tailwindcss/oxide-win32-x64-msvc@https://registry.npmjs.org/@tailwindcss/oxide-win32-x64-msvc/-/oxide-win32-x64-msvc-4.3.3.tgz 0ms (cache hit)
396 http cache @types/json5@https://registry.npmjs.org/@types/json5/-/json5-0.0.29.tgz 0ms (cache hit)
397 http cache @types/react@https://registry.npmjs.org/@types/react/-/react-19.2.17.tgz 0ms (cache hit)
398 http cache @types/estree@https://registry.npmjs.org/@types/estree/-/estree-1.0.9.tgz 0ms (cache hit)
399 http cache @types/node@https://registry.npmjs.org/@types/node/-/node-20.19.43.tgz 0ms (cache hit)
400 http cache @tailwindcss/postcss@https://registry.npmjs.org/@tailwindcss/postcss/-/postcss-4.3.3.tgz 0ms (cache hit)
401 http cache @tailwindcss/node@https://registry.npmjs.org/@tailwindcss/node/-/node-4.3.3.tgz 0ms (cache hit)
402 http cache @types/json-schema@https://registry.npmjs.org/@types/json-schema/-/json-schema-7.0.15.tgz 0ms (cache hit)
403 http cache @tailwindcss/oxide@https://registry.npmjs.org/@tailwindcss/oxide/-/oxide-4.3.3.tgz 0ms (cache hit)
404 http cache @swc/helpers@https://registry.npmjs.org/@swc/helpers/-/helpers-0.5.15.tgz 0ms (cache hit)
405 http cache @scure/base@https://registry.npmjs.org/@scure/base/-/base-2.2.0.tgz 0ms (cache hit)
406 http cache @redis/time-series@https://registry.npmjs.org/@redis/time-series/-/time-series-6.2.0.tgz 0ms (cache hit)
407 http cache @rtsao/scc@https://registry.npmjs.org/@rtsao/scc/-/scc-1.1.0.tgz 0ms (cache hit)
408 http cache @otplib/uri@https://registry.npmjs.org/@otplib/uri/-/uri-13.4.1.tgz 0ms (cache hit)
409 http cache @redis/search@https://registry.npmjs.org/@redis/search/-/search-6.2.0.tgz 0ms (cache hit)
410 http cache @otplib/totp@https://registry.npmjs.org/@otplib/totp/-/totp-13.4.1.tgz 0ms (cache hit)
411 http cache @redis/json@https://registry.npmjs.org/@redis/json/-/json-6.2.0.tgz 0ms (cache hit)
412 http cache @redis/bloom@https://registry.npmjs.org/@redis/bloom/-/bloom-6.2.0.tgz 0ms (cache hit)
413 http cache @otplib/plugin-crypto-noble@https://registry.npmjs.org/@otplib/plugin-crypto-noble/-/plugin-crypto-noble-13.4.1.tgz 0ms (cache hit)
414 http cache @redis/client@https://registry.npmjs.org/@redis/client/-/client-6.2.0.tgz 0ms (cache hit)
415 http cache @otplib/plugin-base32-scure@https://registry.npmjs.org/@otplib/plugin-base32-scure/-/plugin-base32-scure-13.4.1.tgz 0ms (cache hit)
416 http cache @otplib/hotp@https://registry.npmjs.org/@otplib/hotp/-/hotp-13.4.1.tgz 0ms (cache hit)
417 http cache @otplib/plugin-crypto-node@https://registry.npmjs.org/@otplib/plugin-crypto-node/-/plugin-crypto-node-13.4.1.tgz 0ms (cache hit)
418 http cache @nodelib/fs.walk@https://registry.npmjs.org/@nodelib/fs.walk/-/fs.walk-1.2.8.tgz 0ms (cache hit)
419 http cache @otplib/core@https://registry.npmjs.org/@otplib/core/-/core-13.4.1.tgz 0ms (cache hit)
420 http cache @nodelib/fs.stat@https://registry.npmjs.org/@nodelib/fs.stat/-/fs.stat-2.0.5.tgz 0ms (cache hit)
421 http cache @next/swc-win32-x64-msvc@https://registry.npmjs.org/@next/swc-win32-x64-msvc/-/swc-win32-x64-msvc-16.3.0.tgz 0ms (cache hit)
422 http cache @nolyfill/is-core-module@https://registry.npmjs.org/@nolyfill/is-core-module/-/is-core-module-1.0.39.tgz 0ms (cache hit)
423 http cache @noble/hashes@https://registry.npmjs.org/@noble/hashes/-/hashes-2.3.0.tgz 0ms (cache hit)
424 http cache @next/eslint-plugin-next@https://registry.npmjs.org/@next/eslint-plugin-next/-/eslint-plugin-next-16.2.12.tgz 0ms (cache hit)
425 http cache @nodelib/fs.scandir@https://registry.npmjs.org/@nodelib/fs.scandir/-/fs.scandir-2.1.5.tgz 0ms (cache hit)
426 http cache @jridgewell/trace-mapping@https://registry.npmjs.org/@jridgewell/trace-mapping/-/trace-mapping-0.3.31.tgz 0ms (cache hit)
427 http cache @next/env@https://registry.npmjs.org/@next/env/-/env-16.3.0.tgz 0ms (cache hit)
428 http cache @mongodb-js/saslprep@https://registry.npmjs.org/@mongodb-js/saslprep/-/saslprep-1.4.13.tgz 0ms (cache hit)
429 http cache @jridgewell/sourcemap-codec@https://registry.npmjs.org/@jridgewell/sourcemap-codec/-/sourcemap-codec-1.5.5.tgz 0ms (cache hit)
430 http cache @jridgewell/remapping@https://registry.npmjs.org/@jridgewell/remapping/-/remapping-2.3.5.tgz 0ms (cache hit)
431 http cache @humanwhocodes/retry@https://registry.npmjs.org/@humanwhocodes/retry/-/retry-0.4.3.tgz 0ms (cache hit)
432 http cache @humanfs/types@https://registry.npmjs.org/@humanfs/types/-/types-0.15.0.tgz 0ms (cache hit)
433 http cache @jridgewell/gen-mapping@https://registry.npmjs.org/@jridgewell/gen-mapping/-/gen-mapping-0.3.13.tgz 0ms (cache hit)
434 http cache @jridgewell/resolve-uri@https://registry.npmjs.org/@jridgewell/resolve-uri/-/resolve-uri-3.1.2.tgz 0ms (cache hit)
435 http cache @img/sharp-win32-x64@https://registry.npmjs.org/@img/sharp-win32-x64/-/sharp-win32-x64-0.35.3.tgz 0ms (cache hit)
436 http cache @humanwhocodes/module-importer@https://registry.npmjs.org/@humanwhocodes/module-importer/-/module-importer-1.0.1.tgz 0ms (cache hit)
437 http cache @humanfs/core@https://registry.npmjs.org/@humanfs/core/-/core-0.19.2.tgz 0ms (cache hit)
438 http cache @eslint/plugin-kit@https://registry.npmjs.org/@eslint/plugin-kit/-/plugin-kit-0.4.1.tgz 0ms (cache hit)
439 http cache @humanfs/node@https://registry.npmjs.org/@humanfs/node/-/node-0.16.8.tgz 0ms (cache hit)
440 http cache @eslint/config-helpers@https://registry.npmjs.org/@eslint/config-helpers/-/config-helpers-0.4.2.tgz 0ms (cache hit)
441 http cache @getbrevo/brevo@https://registry.npmjs.org/@getbrevo/brevo/-/brevo-6.0.2.tgz 0ms (cache hit)
442 http cache @eslint/object-schema@https://registry.npmjs.org/@eslint/object-schema/-/object-schema-2.1.7.tgz 0ms (cache hit)
443 http cache @eslint/eslintrc@https://registry.npmjs.org/@eslint/eslintrc/-/eslintrc-3.3.6.tgz 0ms (cache hit)
444 http cache @eslint/config-array@https://registry.npmjs.org/@eslint/config-array/-/config-array-0.21.2.tgz 0ms (cache hit)
445 http cache @img/colour@https://registry.npmjs.org/@img/colour/-/colour-1.1.0.tgz 0ms (cache hit)
446 http cache @eslint/core@https://registry.npmjs.org/@eslint/core/-/core-0.17.0.tgz 0ms (cache hit)
447 http cache @babel/traverse@https://registry.npmjs.org/@babel/traverse/-/traverse-7.29.7.tgz 0ms (cache hit)
448 http cache @eslint/js@https://registry.npmjs.org/@eslint/js/-/js-9.39.5.tgz 0ms (cache hit)
449 http cache @babel/helper-validator-option@https://registry.npmjs.org/@babel/helper-validator-option/-/helper-validator-option-7.29.7.tgz 0ms (cache hit)
450 http cache @eslint-community/regexpp@https://registry.npmjs.org/@eslint-community/regexpp/-/regexpp-4.12.2.tgz 0ms (cache hit)
451 http cache @babel/template@https://registry.npmjs.org/@babel/template/-/template-7.29.7.tgz 0ms (cache hit)
452 http cache @babel/types@https://registry.npmjs.org/@babel/types/-/types-7.29.7.tgz 0ms (cache hit)
453 http cache @babel/parser@https://registry.npmjs.org/@babel/parser/-/parser-7.29.7.tgz 0ms (cache hit)
454 http cache @eslint-community/eslint-utils@https://registry.npmjs.org/@eslint-community/eslint-utils/-/eslint-utils-4.10.1.tgz 0ms (cache hit)
455 http cache @babel/helpers@https://registry.npmjs.org/@babel/helpers/-/helpers-7.29.7.tgz 0ms (cache hit)
456 http cache @babel/helper-validator-identifier@https://registry.npmjs.org/@babel/helper-validator-identifier/-/helper-validator-identifier-7.29.7.tgz 0ms (cache hit)
457 http cache @babel/helper-string-parser@https://registry.npmjs.org/@babel/helper-string-parser/-/helper-string-parser-7.29.7.tgz 0ms (cache hit)
458 http cache @babel/helper-module-transforms@https://registry.npmjs.org/@babel/helper-module-transforms/-/helper-module-transforms-7.29.7.tgz 0ms (cache hit)
459 http cache @babel/helper-compilation-targets@https://registry.npmjs.org/@babel/helper-compilation-targets/-/helper-compilation-targets-7.29.7.tgz 0ms (cache hit)
460 http cache @babel/helper-module-imports@https://registry.npmjs.org/@babel/helper-module-imports/-/helper-module-imports-7.29.7.tgz 0ms (cache hit)
461 http cache @babel/helper-globals@https://registry.npmjs.org/@babel/helper-globals/-/helper-globals-7.29.7.tgz 0ms (cache hit)
462 http cache @babel/generator@https://registry.npmjs.org/@babel/generator/-/generator-7.29.7.tgz 0ms (cache hit)
463 http cache @babel/code-frame@https://registry.npmjs.org/@babel/code-frame/-/code-frame-7.29.7.tgz 0ms (cache hit)
464 http cache @babel/core@https://registry.npmjs.org/@babel/core/-/core-7.29.7.tgz 0ms (cache hit)
465 http cache @alloc/quick-lru@https://registry.npmjs.org/@alloc/quick-lru/-/quick-lru-5.2.0.tgz 0ms (cache hit)
466 http cache p-locate@https://registry.npmjs.org/p-locate/-/p-locate-4.1.0.tgz 0ms (cache hit)
467 http cache p-limit@https://registry.npmjs.org/p-limit/-/p-limit-2.3.0.tgz 0ms (cache hit)
468 http cache @babel/compat-data@https://registry.npmjs.org/@babel/compat-data/-/compat-data-7.29.7.tgz 0ms (cache hit)
469 http cache domhandler@https://registry.npmjs.org/domhandler/-/domhandler-3.3.0.tgz 0ms (cache hit)
470 http cache find-up@https://registry.npmjs.org/find-up/-/find-up-4.1.0.tgz 0ms (cache hit)
471 http cache picomatch@https://registry.npmjs.org/picomatch/-/picomatch-4.0.5.tgz 0ms (cache hit)
472 http cache json5@https://registry.npmjs.org/json5/-/json5-1.0.2.tgz 0ms (cache hit)
473 http cache tr46@https://registry.npmjs.org/tr46/-/tr46-0.0.3.tgz 0ms (cache hit)
474 http cache emoji-regex@https://registry.npmjs.org/emoji-regex/-/emoji-regex-8.0.0.tgz 0ms (cache hit)
475 http cache locate-path@https://registry.npmjs.org/locate-path/-/locate-path-5.0.0.tgz 0ms (cache hit)
476 http cache htmlparser2@https://registry.npmjs.org/htmlparser2/-/htmlparser2-5.0.1.tgz 0ms (cache hit)
477 http cache semver@https://registry.npmjs.org/semver/-/semver-7.8.5.tgz 0ms (cache hit)
478 http cache fdir@https://registry.npmjs.org/fdir/-/fdir-6.5.0.tgz 0ms (cache hit)
479 http cache semver@https://registry.npmjs.org/semver/-/semver-7.8.5.tgz 0ms (cache hit)
480 http cache webidl-conversions@https://registry.npmjs.org/webidl-conversions/-/webidl-conversions-3.0.1.tgz 0ms (cache hit)
481 http cache whatwg-url@https://registry.npmjs.org/whatwg-url/-/whatwg-url-5.0.0.tgz 0ms (cache hit)
482 http cache glob-parent@https://registry.npmjs.org/glob-parent/-/glob-parent-5.1.2.tgz 0ms (cache hit)
483 http cache debug@https://registry.npmjs.org/debug/-/debug-3.2.7.tgz 0ms (cache hit)
484 http cache semver@https://registry.npmjs.org/semver/-/semver-7.8.5.tgz 0ms (cache hit)
485 http cache brace-expansion@https://registry.npmjs.org/brace-expansion/-/brace-expansion-2.1.4.tgz 0ms (cache hit)
486 http cache globals@https://registry.npmjs.org/globals/-/globals-16.4.0.tgz 0ms (cache hit)
487 http cache minimatch@https://registry.npmjs.org/minimatch/-/minimatch-5.1.9.tgz 0ms (cache hit)
488 http cache debug@https://registry.npmjs.org/debug/-/debug-3.2.7.tgz 0ms (cache hit)
489 http cache eslint-visitor-keys@https://registry.npmjs.org/eslint-visitor-keys/-/eslint-visitor-keys-5.0.1.tgz 0ms (cache hit)
490 http cache semver@https://registry.npmjs.org/semver/-/semver-7.8.5.tgz 0ms (cache hit)
491 http cache debug@https://registry.npmjs.org/debug/-/debug-3.2.7.tgz 0ms (cache hit)
492 http cache ignore@https://registry.npmjs.org/ignore/-/ignore-7.0.6.tgz 0ms (cache hit)
493 http cache balanced-match@https://registry.npmjs.org/balanced-match/-/balanced-match-4.0.4.tgz 0ms (cache hit)
494 http cache eslint-visitor-keys@https://registry.npmjs.org/eslint-visitor-keys/-/eslint-visitor-keys-3.4.3.tgz 0ms (cache hit)
495 http cache brace-expansion@https://registry.npmjs.org/brace-expansion/-/brace-expansion-5.0.8.tgz 0ms (cache hit)
496 silly tarball no local data for zustand@https://registry.npmjs.org/zustand/-/zustand-5.0.14.tgz. Extracting by manifest.
497 silly tarball no local data for yocto-queue@https://registry.npmjs.org/yocto-queue/-/yocto-queue-0.1.0.tgz. Extracting by manifest.
498 silly tarball no local data for yargs@https://registry.npmjs.org/yargs/-/yargs-15.4.1.tgz. Extracting by manifest.
499 silly tarball no local data for zod-validation-error@https://registry.npmjs.org/zod-validation-error/-/zod-validation-error-4.0.2.tgz. Extracting by manifest.
500 silly tarball no local data for yallist@https://registry.npmjs.org/yallist/-/yallist-3.1.1.tgz. Extracting by manifest.
501 http cache minimatch@https://registry.npmjs.org/minimatch/-/minimatch-10.2.5.tgz 0ms (cache hit)
502 silly tarball no local data for y18n@https://registry.npmjs.org/y18n/-/y18n-4.0.3.tgz. Extracting by manifest.
503 silly tarball no local data for zod@https://registry.npmjs.org/zod/-/zod-3.25.76.tgz. Extracting by manifest.
504 silly tarball no local data for which-module@https://registry.npmjs.org/which-module/-/which-module-2.0.1.tgz. Extracting by manifest.
505 silly tarball no local data for word-wrap@https://registry.npmjs.org/word-wrap/-/word-wrap-1.2.5.tgz. Extracting by manifest.
506 silly tarball no local data for which-typed-array@https://registry.npmjs.org/which-typed-array/-/which-typed-array-1.1.22.tgz. Extracting by manifest.
507 silly tarball no local data for wrap-ansi@https://registry.npmjs.org/wrap-ansi/-/wrap-ansi-6.2.0.tgz. Extracting by manifest.
508 silly tarball no local data for yargs-parser@https://registry.npmjs.org/yargs-parser/-/yargs-parser-18.1.3.tgz. Extracting by manifest.
509 silly tarball no local data for which-collection@https://registry.npmjs.org/which-collection/-/which-collection-1.0.2.tgz. Extracting by manifest.
510 silly tarball no local data for which-builtin-type@https://registry.npmjs.org/which-builtin-type/-/which-builtin-type-1.2.1.tgz. Extracting by manifest.
511 silly tarball no local data for webidl-conversions@https://registry.npmjs.org/webidl-conversions/-/webidl-conversions-7.0.0.tgz. Extracting by manifest.
512 silly tarball no local data for which-boxed-primitive@https://registry.npmjs.org/which-boxed-primitive/-/which-boxed-primitive-1.1.1.tgz. Extracting by manifest.
513 silly tarball no local data for which@https://registry.npmjs.org/which/-/which-2.0.2.tgz. Extracting by manifest.
514 silly tarball no local data for web-resource-inliner@https://registry.npmjs.org/web-resource-inliner/-/web-resource-inliner-6.0.1.tgz. Extracting by manifest.
515 silly tarball no local data for valid-data-url@https://registry.npmjs.org/valid-data-url/-/valid-data-url-3.0.1.tgz. Extracting by manifest.
516 silly tarball no local data for whatwg-url@https://registry.npmjs.org/whatwg-url/-/whatwg-url-14.2.0.tgz. Extracting by manifest.
517 silly tarball no local data for uri-js@https://registry.npmjs.org/uri-js/-/uri-js-4.4.1.tgz. Extracting by manifest.
518 silly tarball no local data for update-browserslist-db@https://registry.npmjs.org/update-browserslist-db/-/update-browserslist-db-1.2.3.tgz. Extracting by manifest.
519 silly tarball no local data for undici-types@https://registry.npmjs.org/undici-types/-/undici-types-6.21.0.tgz. Extracting by manifest.
520 silly tarball no local data for typed-array-length@https://registry.npmjs.org/typed-array-length/-/typed-array-length-1.0.8.tgz. Extracting by manifest.
521 silly tarball no local data for typescript-eslint@https://registry.npmjs.org/typescript-eslint/-/typescript-eslint-8.65.0.tgz. Extracting by manifest.
522 silly tarball no local data for unbox-primitive@https://registry.npmjs.org/unbox-primitive/-/unbox-primitive-1.1.0.tgz. Extracting by manifest.
523 silly tarball no local data for typescript@https://registry.npmjs.org/typescript/-/typescript-5.9.3.tgz. Extracting by manifest.
524 silly tarball no local data for unrs-resolver@https://registry.npmjs.org/unrs-resolver/-/unrs-resolver-1.12.2.tgz. Extracting by manifest.
525 silly tarball no local data for type-check@https://registry.npmjs.org/type-check/-/type-check-0.4.0.tgz. Extracting by manifest.
526 silly tarball no local data for typed-array-byte-length@https://registry.npmjs.org/typed-array-byte-length/-/typed-array-byte-length-1.0.3.tgz. Extracting by manifest.
527 silly tarball no local data for typed-array-buffer@https://registry.npmjs.org/typed-array-buffer/-/typed-array-buffer-1.0.3.tgz. Extracting by manifest.
528 silly tarball no local data for tslib@https://registry.npmjs.org/tslib/-/tslib-2.8.1.tgz. Extracting by manifest.
529 silly tarball no local data for typed-array-byte-offset@https://registry.npmjs.org/typed-array-byte-offset/-/typed-array-byte-offset-1.0.4.tgz. Extracting by manifest.
530 silly tarball no local data for tr46@https://registry.npmjs.org/tr46/-/tr46-5.1.1.tgz. Extracting by manifest.
531 silly tarball no local data for to-regex-range@https://registry.npmjs.org/to-regex-range/-/to-regex-range-5.0.1.tgz. Extracting by manifest.
532 silly tarball no local data for ts-api-utils@https://registry.npmjs.org/ts-api-utils/-/ts-api-utils-2.5.0.tgz. Extracting by manifest.
533 silly tarball no local data for tapable@https://registry.npmjs.org/tapable/-/tapable-2.3.3.tgz. Extracting by manifest.
534 silly tarball no local data for tinyglobby@https://registry.npmjs.org/tinyglobby/-/tinyglobby-0.2.17.tgz. Extracting by manifest.
535 silly tarball no local data for tsconfig-paths@https://registry.npmjs.org/tsconfig-paths/-/tsconfig-paths-3.15.0.tgz. Extracting by manifest.
536 silly tarball no local data for supports-preserve-symlinks-flag@https://registry.npmjs.org/supports-preserve-symlinks-flag/-/supports-preserve-symlinks-flag-1.0.0.tgz. Extracting by manifest.
537 silly tarball no local data for tailwindcss@https://registry.npmjs.org/tailwindcss/-/tailwindcss-4.3.3.tgz. Extracting by manifest.
538 silly tarball no local data for styled-jsx@https://registry.npmjs.org/styled-jsx/-/styled-jsx-5.1.6.tgz. Extracting by manifest.
539 silly tarball no local data for supports-color@https://registry.npmjs.org/supports-color/-/supports-color-7.2.0.tgz. Extracting by manifest.
540 silly tarball no local data for strip-ansi@https://registry.npmjs.org/strip-ansi/-/strip-ansi-6.0.1.tgz. Extracting by manifest.
541 silly tarball no local data for string.prototype.trimstart@https://registry.npmjs.org/string.prototype.trimstart/-/string.prototype.trimstart-1.0.8.tgz. Extracting by manifest.
542 silly tarball no local data for string.prototype.trimend@https://registry.npmjs.org/string.prototype.trimend/-/string.prototype.trimend-1.0.10.tgz. Extracting by manifest.
543 silly tarball no local data for strip-bom@https://registry.npmjs.org/strip-bom/-/strip-bom-3.0.0.tgz. Extracting by manifest.
544 silly tarball no local data for strip-json-comments@https://registry.npmjs.org/strip-json-comments/-/strip-json-comments-3.1.1.tgz. Extracting by manifest.
545 silly tarball no local data for string.prototype.matchall@https://registry.npmjs.org/string.prototype.matchall/-/string.prototype.matchall-4.0.12.tgz. Extracting by manifest.
546 silly tarball no local data for string.prototype.repeat@https://registry.npmjs.org/string.prototype.repeat/-/string.prototype.repeat-1.0.0.tgz. Extracting by manifest.
547 silly tarball no local data for stable-hash@https://registry.npmjs.org/stable-hash/-/stable-hash-0.0.5.tgz. Extracting by manifest.
548 silly tarball no local data for string.prototype.trim@https://registry.npmjs.org/string.prototype.trim/-/string.prototype.trim-1.2.11.tgz. Extracting by manifest.
549 silly tarball no local data for stop-iteration-iterator@https://registry.npmjs.org/stop-iteration-iterator/-/stop-iteration-iterator-1.1.0.tgz. Extracting by manifest.
550 silly tarball no local data for source-map-js@https://registry.npmjs.org/source-map-js/-/source-map-js-1.2.1.tgz. Extracting by manifest.
551 silly tarball no local data for string.prototype.includes@https://registry.npmjs.org/string.prototype.includes/-/string.prototype.includes-2.0.1.tgz. Extracting by manifest.
552 silly tarball no local data for sparse-bitfield@https://registry.npmjs.org/sparse-bitfield/-/sparse-bitfield-3.0.3.tgz. Extracting by manifest.
553 silly tarball no local data for slick@https://registry.npmjs.org/slick/-/slick-1.12.2.tgz. Extracting by manifest.
554 silly tarball no local data for string-width@https://registry.npmjs.org/string-width/-/string-width-4.2.3.tgz. Extracting by manifest.
555 silly tarball no local data for side-channel-map@https://registry.npmjs.org/side-channel-map/-/side-channel-map-1.0.1.tgz. Extracting by manifest.
556 silly tarball no local data for sift@https://registry.npmjs.org/sift/-/sift-17.1.3.tgz. Extracting by manifest.
557 silly tarball no local data for shebang-regex@https://registry.npmjs.org/shebang-regex/-/shebang-regex-3.0.0.tgz. Extracting by manifest.
558 silly tarball no local data for side-channel-weakmap@https://registry.npmjs.org/side-channel-weakmap/-/side-channel-weakmap-1.0.2.tgz. Extracting by manifest.
559 silly tarball no local data for side-channel@https://registry.npmjs.org/side-channel/-/side-channel-1.1.1.tgz. Extracting by manifest.
560 silly tarball no local data for sharp@https://registry.npmjs.org/sharp/-/sharp-0.35.3.tgz. Extracting by manifest.
561 silly tarball no local data for set-proto@https://registry.npmjs.org/set-proto/-/set-proto-1.0.0.tgz. Extracting by manifest.
562 silly tarball no local data for side-channel-list@https://registry.npmjs.org/side-channel-list/-/side-channel-list-1.0.1.tgz. Extracting by manifest.
563 silly tarball no local data for set-blocking@https://registry.npmjs.org/set-blocking/-/set-blocking-2.0.0.tgz. Extracting by manifest.
564 silly tarball no local data for shebang-command@https://registry.npmjs.org/shebang-command/-/shebang-command-2.0.0.tgz. Extracting by manifest.
565 silly tarball no local data for set-function-length@https://registry.npmjs.org/set-function-length/-/set-function-length-1.2.2.tgz. Extracting by manifest.
566 silly tarball no local data for scheduler@https://registry.npmjs.org/scheduler/-/scheduler-0.27.0.tgz. Extracting by manifest.
567 silly tarball no local data for set-function-name@https://registry.npmjs.org/set-function-name/-/set-function-name-2.0.2.tgz. Extracting by manifest.
568 silly tarball no local data for safe-regex-test@https://registry.npmjs.org/safe-regex-test/-/safe-regex-test-1.1.0.tgz. Extracting by manifest.
569 silly tarball no local data for semver@https://registry.npmjs.org/semver/-/semver-6.3.1.tgz. Extracting by manifest.
570 silly tarball no local data for run-parallel@https://registry.npmjs.org/run-parallel/-/run-parallel-1.2.0.tgz. Extracting by manifest.
571 silly tarball no local data for safe-buffer@https://registry.npmjs.org/safe-buffer/-/safe-buffer-5.2.1.tgz. Extracting by manifest.
572 silly tarball no local data for resolve-pkg-maps@https://registry.npmjs.org/resolve-pkg-maps/-/resolve-pkg-maps-1.0.0.tgz. Extracting by manifest.
573 silly tarball no local data for safe-array-concat@https://registry.npmjs.org/safe-array-concat/-/safe-array-concat-1.1.4.tgz. Extracting by manifest.
574 silly tarball no local data for require-main-filename@https://registry.npmjs.org/require-main-filename/-/require-main-filename-2.0.0.tgz. Extracting by manifest.
575 silly tarball no local data for resolve@https://registry.npmjs.org/resolve/-/resolve-2.0.0-next.7.tgz. Extracting by manifest.
576 silly tarball no local data for safe-push-apply@https://registry.npmjs.org/safe-push-apply/-/safe-push-apply-1.0.0.tgz. Extracting by manifest.
577 silly tarball no local data for resolve-from@https://registry.npmjs.org/resolve-from/-/resolve-from-4.0.0.tgz. Extracting by manifest.
578 silly tarball no local data for reusify@https://registry.npmjs.org/reusify/-/reusify-1.1.0.tgz. Extracting by manifest.
579 silly tarball no local data for require-directory@https://registry.npmjs.org/require-directory/-/require-directory-2.1.1.tgz. Extracting by manifest.
580 silly tarball no local data for reflect.getprototypeof@https://registry.npmjs.org/reflect.getprototypeof/-/reflect.getprototypeof-1.0.10.tgz. Extracting by manifest.
581 silly tarball no local data for react@https://registry.npmjs.org/react/-/react-19.2.4.tgz. Extracting by manifest.
582 silly tarball no local data for regexp.prototype.flags@https://registry.npmjs.org/regexp.prototype.flags/-/regexp.prototype.flags-1.5.4.tgz. Extracting by manifest.
583 silly tarball no local data for redis@https://registry.npmjs.org/redis/-/redis-6.2.0.tgz. Extracting by manifest.
584 silly tarball no local data for react-is@https://registry.npmjs.org/react-is/-/react-is-16.13.1.tgz. Extracting by manifest.
585 silly tarball no local data for qrcode@https://registry.npmjs.org/qrcode/-/qrcode-1.5.4.tgz. Extracting by manifest.
586 silly tarball no local data for prop-types@https://registry.npmjs.org/prop-types/-/prop-types-15.8.1.tgz. Extracting by manifest.
587 silly tarball no local data for postcss@https://registry.npmjs.org/postcss/-/postcss-8.5.23.tgz. Extracting by manifest.
588 silly tarball no local data for queue-microtask@https://registry.npmjs.org/queue-microtask/-/queue-microtask-1.2.3.tgz. Extracting by manifest.
589 silly tarball no local data for punycode@https://registry.npmjs.org/punycode/-/punycode-2.3.1.tgz. Extracting by manifest.
590 silly tarball no local data for pngjs@https://registry.npmjs.org/pngjs/-/pngjs-5.0.0.tgz. Extracting by manifest.
591 silly tarball no local data for react-dom@https://registry.npmjs.org/react-dom/-/react-dom-19.2.4.tgz. Extracting by manifest.
592 silly tarball no local data for path-parse@https://registry.npmjs.org/path-parse/-/path-parse-1.0.7.tgz. Extracting by manifest.
593 silly tarball no local data for possible-typed-array-names@https://registry.npmjs.org/possible-typed-array-names/-/possible-typed-array-names-1.1.0.tgz. Extracting by manifest.
594 silly tarball no local data for picomatch@https://registry.npmjs.org/picomatch/-/picomatch-2.3.2.tgz. Extracting by manifest.
595 silly tarball no local data for prelude-ls@https://registry.npmjs.org/prelude-ls/-/prelude-ls-1.2.1.tgz. Extracting by manifest.
596 silly tarball no local data for parent-module@https://registry.npmjs.org/parent-module/-/parent-module-1.0.1.tgz. Extracting by manifest.
597 silly tarball no local data for parse5-htmlparser2-tree-adapter@https://registry.npmjs.org/parse5-htmlparser2-tree-adapter/-/parse5-htmlparser2-tree-adapter-6.0.1.tgz. Extracting by manifest.
598 silly tarball no local data for picocolors@https://registry.npmjs.org/picocolors/-/picocolors-1.1.1.tgz. Extracting by manifest.
599 silly tarball no local data for path-exists@https://registry.npmjs.org/path-exists/-/path-exists-4.0.0.tgz. Extracting by manifest.
600 silly tarball no local data for own-keys@https://registry.npmjs.org/own-keys/-/own-keys-1.0.2.tgz. Extracting by manifest.
601 silly tarball no local data for parse5@https://registry.npmjs.org/parse5/-/parse5-6.0.1.tgz. Extracting by manifest.
602 silly tarball no local data for p-limit@https://registry.npmjs.org/p-limit/-/p-limit-3.1.0.tgz. Extracting by manifest.
603 silly tarball no local data for path-key@https://registry.npmjs.org/path-key/-/path-key-3.1.1.tgz. Extracting by manifest.
604 silly tarball no local data for p-locate@https://registry.npmjs.org/p-locate/-/p-locate-5.0.0.tgz. Extracting by manifest.
605 silly tarball no local data for p-try@https://registry.npmjs.org/p-try/-/p-try-2.2.0.tgz. Extracting by manifest.
606 silly tarball no local data for optionator@https://registry.npmjs.org/optionator/-/optionator-0.9.4.tgz. Extracting by manifest.
607 silly tarball no local data for otplib@https://registry.npmjs.org/otplib/-/otplib-13.4.1.tgz. Extracting by manifest.
608 silly tarball no local data for object.values@https://registry.npmjs.org/object.values/-/object.values-1.2.1.tgz. Extracting by manifest.
609 silly tarball no local data for object.groupby@https://registry.npmjs.org/object.groupby/-/object.groupby-1.0.3.tgz. Extracting by manifest.
610 silly tarball no local data for object.entries@https://registry.npmjs.org/object.entries/-/object.entries-1.1.9.tgz. Extracting by manifest.
611 silly tarball no local data for object-assign@https://registry.npmjs.org/object-assign/-/object-assign-4.1.1.tgz. Extracting by manifest.
612 silly tarball no local data for object.fromentries@https://registry.npmjs.org/object.fromentries/-/object.fromentries-2.0.8.tgz. Extracting by manifest.
613 silly tarball no local data for object-inspect@https://registry.npmjs.org/object-inspect/-/object-inspect-1.13.4.tgz. Extracting by manifest.
614 silly tarball no local data for object.assign@https://registry.npmjs.org/object.assign/-/object.assign-4.1.7.tgz. Extracting by manifest.
615 silly tarball no local data for nodemailer@https://registry.npmjs.org/nodemailer/-/nodemailer-6.10.1.tgz. Extracting by manifest.
616 silly tarball no local data for nth-check@https://registry.npmjs.org/nth-check/-/nth-check-2.1.1.tgz. Extracting by manifest.
617 silly tarball no local data for natural-compare@https://registry.npmjs.org/natural-compare/-/natural-compare-1.4.0.tgz. Extracting by manifest.
618 silly tarball no local data for node-releases@https://registry.npmjs.org/node-releases/-/node-releases-2.0.51.tgz. Extracting by manifest.
619 silly tarball no local data for object-keys@https://registry.npmjs.org/object-keys/-/object-keys-1.1.1.tgz. Extracting by manifest.
620 silly tarball no local data for node-fetch@https://registry.npmjs.org/node-fetch/-/node-fetch-2.7.0.tgz. Extracting by manifest.
621 silly tarball no local data for next@https://registry.npmjs.org/next/-/next-16.3.0.tgz. Extracting by manifest.
622 silly tarball no local data for node-exports-info@https://registry.npmjs.org/node-exports-info/-/node-exports-info-1.6.2.tgz. Extracting by manifest.
623 silly tarball no local data for ms@https://registry.npmjs.org/ms/-/ms-2.1.3.tgz. Extracting by manifest.
624 silly tarball no local data for mongoose@https://registry.npmjs.org/mongoose/-/mongoose-8.24.2.tgz. Extracting by manifest.
625 silly tarball no local data for napi-postinstall@https://registry.npmjs.org/napi-postinstall/-/napi-postinstall-0.3.4.tgz. Extracting by manifest.
626 silly tarball no local data for nanoid@https://registry.npmjs.org/nanoid/-/nanoid-3.3.16.tgz. Extracting by manifest.
627 silly tarball no local data for mongodb@https://registry.npmjs.org/mongodb/-/mongodb-6.20.0.tgz. Extracting by manifest.
628 silly tarball no local data for minimist@https://registry.npmjs.org/minimist/-/minimist-1.2.8.tgz. Extracting by manifest.
629 silly tarball no local data for mpath@https://registry.npmjs.org/mpath/-/mpath-0.9.0.tgz. Extracting by manifest.
630 silly tarball no local data for mquery@https://registry.npmjs.org/mquery/-/mquery-5.0.0.tgz. Extracting by manifest.
631 silly tarball no local data for minimatch@https://registry.npmjs.org/minimatch/-/minimatch-3.1.5.tgz. Extracting by manifest.
632 silly tarball no local data for mongodb-connection-string-url@https://registry.npmjs.org/mongodb-connection-string-url/-/mongodb-connection-string-url-3.0.2.tgz. Extracting by manifest.
633 silly tarball no local data for micromatch@https://registry.npmjs.org/micromatch/-/micromatch-4.0.8.tgz. Extracting by manifest.
634 silly tarball no local data for merge2@https://registry.npmjs.org/merge2/-/merge2-1.4.1.tgz. Extracting by manifest.
635 silly tarball no local data for memory-pager@https://registry.npmjs.org/memory-pager/-/memory-pager-1.5.0.tgz. Extracting by manifest.
636 silly tarball no local data for mime@https://registry.npmjs.org/mime/-/mime-2.6.0.tgz. Extracting by manifest.
637 silly tarball no local data for mensch@https://registry.npmjs.org/mensch/-/mensch-0.3.4.tgz. Extracting by manifest.
638 silly tarball no local data for mailgen@https://registry.npmjs.org/mailgen/-/mailgen-2.0.36.tgz. Extracting by manifest.
639 silly tarball no local data for magic-string@https://registry.npmjs.org/magic-string/-/magic-string-0.30.21.tgz. Extracting by manifest.
640 silly tarball no local data for math-intrinsics@https://registry.npmjs.org/math-intrinsics/-/math-intrinsics-1.1.0.tgz. Extracting by manifest.
641 silly tarball no local data for lru-cache@https://registry.npmjs.org/lru-cache/-/lru-cache-5.1.1.tgz. Extracting by manifest.
642 silly tarball no local data for lodash.isplainobject@https://registry.npmjs.org/lodash.isplainobject/-/lodash.isplainobject-4.0.6.tgz. Extracting by manifest.
643 silly tarball no local data for loose-envify@https://registry.npmjs.org/loose-envify/-/loose-envify-1.4.0.tgz. Extracting by manifest.
644 silly tarball no local data for lodash.merge@https://registry.npmjs.org/lodash.merge/-/lodash.merge-4.6.2.tgz. Extracting by manifest.
645 silly tarball no local data for lodash.once@https://registry.npmjs.org/lodash.once/-/lodash.once-4.1.1.tgz. Extracting by manifest.
646 silly tarball no local data for lodash.isstring@https://registry.npmjs.org/lodash.isstring/-/lodash.isstring-4.0.1.tgz. Extracting by manifest.
647 silly tarball no local data for lightningcss-win32-x64-msvc@https://registry.npmjs.org/lightningcss-win32-x64-msvc/-/lightningcss-win32-x64-msvc-1.32.0.tgz. Extracting by manifest.
648 silly tarball no local data for lodash.includes@https://registry.npmjs.org/lodash.includes/-/lodash.includes-4.3.0.tgz. Extracting by manifest.
649 silly tarball no local data for lodash.isinteger@https://registry.npmjs.org/lodash.isinteger/-/lodash.isinteger-4.0.4.tgz. Extracting by manifest.
650 silly tarball no local data for lodash.isnumber@https://registry.npmjs.org/lodash.isnumber/-/lodash.isnumber-3.0.3.tgz. Extracting by manifest.
651 silly tarball no local data for lodash.isboolean@https://registry.npmjs.org/lodash.isboolean/-/lodash.isboolean-3.0.3.tgz. Extracting by manifest.
652 silly tarball no local data for locate-path@https://registry.npmjs.org/locate-path/-/locate-path-6.0.0.tgz. Extracting by manifest.
653 silly tarball no local data for lightningcss@https://registry.npmjs.org/lightningcss/-/lightningcss-1.32.0.tgz. Extracting by manifest.
654 silly tarball no local data for language-subtag-registry@https://registry.npmjs.org/language-subtag-registry/-/language-subtag-registry-0.3.23.tgz. Extracting by manifest.
655 silly tarball no local data for kareem@https://registry.npmjs.org/kareem/-/kareem-2.6.3.tgz. Extracting by manifest.
656 silly tarball no local data for language-tags@https://registry.npmjs.org/language-tags/-/language-tags-1.0.9.tgz. Extracting by manifest.
657 silly tarball no local data for juice@https://registry.npmjs.org/juice/-/juice-8.1.0.tgz. Extracting by manifest.
658 silly tarball no local data for jws@https://registry.npmjs.org/jws/-/jws-4.0.1.tgz. Extracting by manifest.
659 silly tarball no local data for keyv@https://registry.npmjs.org/keyv/-/keyv-4.5.4.tgz. Extracting by manifest.
660 silly tarball no local data for levn@https://registry.npmjs.org/levn/-/levn-0.4.1.tgz. Extracting by manifest.
661 silly tarball no local data for jsx-ast-utils@https://registry.npmjs.org/jsx-ast-utils/-/jsx-ast-utils-3.3.5.tgz. Extracting by manifest.
662 silly tarball no local data for json-stable-stringify-without-jsonify@https://registry.npmjs.org/json-stable-stringify-without-jsonify/-/json-stable-stringify-without-jsonify-1.0.1.tgz. Extracting by manifest.
663 silly tarball no local data for json-schema-traverse@https://registry.npmjs.org/json-schema-traverse/-/json-schema-traverse-0.4.1.tgz. Extracting by manifest.
664 silly tarball no local data for json5@https://registry.npmjs.org/json5/-/json5-2.2.3.tgz. Extracting by manifest.
665 silly tarball no local data for jwa@https://registry.npmjs.org/jwa/-/jwa-2.0.1.tgz. Extracting by manifest.
666 silly tarball no local data for jsesc@https://registry.npmjs.org/jsesc/-/jsesc-3.1.0.tgz. Extracting by manifest.
667 silly tarball no local data for jsonwebtoken@https://registry.npmjs.org/jsonwebtoken/-/jsonwebtoken-9.0.3.tgz. Extracting by manifest.
668 silly tarball no local data for js-yaml@https://registry.npmjs.org/js-yaml/-/js-yaml-4.3.0.tgz. Extracting by manifest.
669 silly tarball no local data for jiti@https://registry.npmjs.org/jiti/-/jiti-2.7.0.tgz. Extracting by manifest.
670 silly tarball no local data for json-buffer@https://registry.npmjs.org/json-buffer/-/json-buffer-3.0.1.tgz. Extracting by manifest.
671 silly tarball no local data for jake@https://registry.npmjs.org/jake/-/jake-10.9.4.tgz. Extracting by manifest.
672 silly tarball no local data for isarray@https://registry.npmjs.org/isarray/-/isarray-2.0.5.tgz. Extracting by manifest.
673 silly tarball no local data for js-tokens@https://registry.npmjs.org/js-tokens/-/js-tokens-4.0.0.tgz. Extracting by manifest.
674 silly tarball no local data for isexe@https://registry.npmjs.org/isexe/-/isexe-2.0.0.tgz. Extracting by manifest.
675 silly tarball no local data for is-weakset@https://registry.npmjs.org/is-weakset/-/is-weakset-2.0.4.tgz. Extracting by manifest.
676 silly tarball no local data for iterator.prototype@https://registry.npmjs.org/iterator.prototype/-/iterator.prototype-1.1.5.tgz. Extracting by manifest.
677 silly tarball no local data for is-weakmap@https://registry.npmjs.org/is-weakmap/-/is-weakmap-2.0.2.tgz. Extracting by manifest.
678 silly tarball no local data for is-weakref@https://registry.npmjs.org/is-weakref/-/is-weakref-1.1.1.tgz. Extracting by manifest.
679 silly tarball no local data for is-typed-array@https://registry.npmjs.org/is-typed-array/-/is-typed-array-1.1.15.tgz. Extracting by manifest.
680 silly tarball no local data for is-string@https://registry.npmjs.org/is-string/-/is-string-1.1.1.tgz. Extracting by manifest.
681 silly tarball no local data for is-symbol@https://registry.npmjs.org/is-symbol/-/is-symbol-1.1.1.tgz. Extracting by manifest.
682 silly tarball no local data for is-set@https://registry.npmjs.org/is-set/-/is-set-2.0.3.tgz. Extracting by manifest.
683 silly tarball no local data for is-number-object@https://registry.npmjs.org/is-number-object/-/is-number-object-1.1.1.tgz. Extracting by manifest.
684 silly tarball no local data for is-regex@https://registry.npmjs.org/is-regex/-/is-regex-1.2.1.tgz. Extracting by manifest.
685 silly tarball no local data for is-number@https://registry.npmjs.org/is-number/-/is-number-7.0.0.tgz. Extracting by manifest.
686 silly tarball no local data for is-map@https://registry.npmjs.org/is-map/-/is-map-2.0.3.tgz. Extracting by manifest.
687 silly tarball no local data for is-negative-zero@https://registry.npmjs.org/is-negative-zero/-/is-negative-zero-2.0.3.tgz. Extracting by manifest.
688 silly tarball no local data for is-shared-array-buffer@https://registry.npmjs.org/is-shared-array-buffer/-/is-shared-array-buffer-1.0.4.tgz. Extracting by manifest.
689 silly tarball no local data for is-glob@https://registry.npmjs.org/is-glob/-/is-glob-4.0.3.tgz. Extracting by manifest.
690 silly tarball no local data for is-generator-function@https://registry.npmjs.org/is-generator-function/-/is-generator-function-1.1.2.tgz. Extracting by manifest.
691 silly tarball no local data for is-fullwidth-code-point@https://registry.npmjs.org/is-fullwidth-code-point/-/is-fullwidth-code-point-3.0.0.tgz. Extracting by manifest.
692 silly tarball no local data for is-date-object@https://registry.npmjs.org/is-date-object/-/is-date-object-1.1.0.tgz. Extracting by manifest.
693 silly tarball no local data for is-document.all@https://registry.npmjs.org/is-document.all/-/is-document.all-1.0.0.tgz. Extracting by manifest.
694 silly tarball no local data for is-finalizationregistry@https://registry.npmjs.org/is-finalizationregistry/-/is-finalizationregistry-1.1.1.tgz. Extracting by manifest.
695 silly tarball no local data for is-data-view@https://registry.npmjs.org/is-data-view/-/is-data-view-1.0.2.tgz. Extracting by manifest.
696 silly tarball no local data for is-callable@https://registry.npmjs.org/is-callable/-/is-callable-1.2.7.tgz. Extracting by manifest.
697 silly tarball no local data for is-core-module@https://registry.npmjs.org/is-core-module/-/is-core-module-2.16.2.tgz. Extracting by manifest.
698 silly tarball no local data for is-boolean-object@https://registry.npmjs.org/is-boolean-object/-/is-boolean-object-1.2.2.tgz. Extracting by manifest.
699 silly tarball no local data for is-bigint@https://registry.npmjs.org/is-bigint/-/is-bigint-1.1.0.tgz. Extracting by manifest.
700 silly tarball no local data for is-async-function@https://registry.npmjs.org/is-async-function/-/is-async-function-2.1.1.tgz. Extracting by manifest.
701 silly tarball no local data for is-extglob@https://registry.npmjs.org/is-extglob/-/is-extglob-2.1.1.tgz. Extracting by manifest.
702 silly tarball no local data for is-bun-module@https://registry.npmjs.org/is-bun-module/-/is-bun-module-2.0.0.tgz. Extracting by manifest.
703 silly tarball no local data for is-array-buffer@https://registry.npmjs.org/is-array-buffer/-/is-array-buffer-3.0.5.tgz. Extracting by manifest.
704 silly tarball no local data for internal-slot@https://registry.npmjs.org/internal-slot/-/internal-slot-1.1.0.tgz. Extracting by manifest.
705 silly tarball no local data for ignore@https://registry.npmjs.org/ignore/-/ignore-5.3.2.tgz. Extracting by manifest.
706 silly tarball no local data for import-fresh@https://registry.npmjs.org/import-fresh/-/import-fresh-3.3.1.tgz. Extracting by manifest.
707 silly tarball no local data for hermes-parser@https://registry.npmjs.org/hermes-parser/-/hermes-parser-0.25.1.tgz. Extracting by manifest.
708 silly tarball no local data for html5-qrcode@https://registry.npmjs.org/html5-qrcode/-/html5-qrcode-2.3.8.tgz. Extracting by manifest.
709 silly tarball no local data for imurmurhash@https://registry.npmjs.org/imurmurhash/-/imurmurhash-0.1.4.tgz. Extracting by manifest.
710 silly tarball no local data for htmlparser2@https://registry.npmjs.org/htmlparser2/-/htmlparser2-6.1.0.tgz. Extracting by manifest.
711 silly tarball no local data for he@https://registry.npmjs.org/he/-/he-1.2.0.tgz. Extracting by manifest.
712 silly tarball no local data for hermes-estree@https://registry.npmjs.org/hermes-estree/-/hermes-estree-0.25.1.tgz. Extracting by manifest.
713 silly tarball no local data for has-tostringtag@https://registry.npmjs.org/has-tostringtag/-/has-tostringtag-1.0.2.tgz. Extracting by manifest.
714 silly tarball no local data for has-symbols@https://registry.npmjs.org/has-symbols/-/has-symbols-1.1.0.tgz. Extracting by manifest.
715 silly tarball no local data for has-proto@https://registry.npmjs.org/has-proto/-/has-proto-1.2.0.tgz. Extracting by manifest.
716 silly tarball no local data for has-flag@https://registry.npmjs.org/has-flag/-/has-flag-4.0.0.tgz. Extracting by manifest.
717 silly tarball no local data for has-property-descriptors@https://registry.npmjs.org/has-property-descriptors/-/has-property-descriptors-1.0.2.tgz. Extracting by manifest.
718 silly tarball no local data for graceful-fs@https://registry.npmjs.org/graceful-fs/-/graceful-fs-4.2.11.tgz. Extracting by manifest.
719 silly tarball no local data for hasown@https://registry.npmjs.org/hasown/-/hasown-2.0.4.tgz. Extracting by manifest.
720 silly tarball no local data for globalthis@https://registry.npmjs.org/globalthis/-/globalthis-1.0.4.tgz. Extracting by manifest.
721 silly tarball no local data for has-bigints@https://registry.npmjs.org/has-bigints/-/has-bigints-1.1.0.tgz. Extracting by manifest.
722 silly tarball no local data for gopd@https://registry.npmjs.org/gopd/-/gopd-1.2.0.tgz. Extracting by manifest.
723 silly tarball no local data for glob-parent@https://registry.npmjs.org/glob-parent/-/glob-parent-6.0.2.tgz. Extracting by manifest.
724 silly tarball no local data for globals@https://registry.npmjs.org/globals/-/globals-14.0.0.tgz. Extracting by manifest.
725 silly tarball no local data for get-symbol-description@https://registry.npmjs.org/get-symbol-description/-/get-symbol-description-1.1.0.tgz. Extracting by manifest.
726 silly tarball no local data for get-proto@https://registry.npmjs.org/get-proto/-/get-proto-1.0.1.tgz. Extracting by manifest.
727 silly tarball no local data for get-intrinsic@https://registry.npmjs.org/get-intrinsic/-/get-intrinsic-1.3.0.tgz. Extracting by manifest.
728 silly tarball no local data for get-tsconfig@https://registry.npmjs.org/get-tsconfig/-/get-tsconfig-4.14.0.tgz. Extracting by manifest.
729 silly tarball no local data for generator-function@https://registry.npmjs.org/generator-function/-/generator-function-2.0.1.tgz. Extracting by manifest.
730 silly tarball no local data for gensync@https://registry.npmjs.org/gensync/-/gensync-1.0.0-beta.2.tgz. Extracting by manifest.
731 silly tarball no local data for get-caller-file@https://registry.npmjs.org/get-caller-file/-/get-caller-file-2.0.5.tgz. Extracting by manifest.
732 silly tarball no local data for function-bind@https://registry.npmjs.org/function-bind/-/function-bind-1.1.2.tgz. Extracting by manifest.
733 silly tarball no local data for flatted@https://registry.npmjs.org/flatted/-/flatted-3.4.3.tgz. Extracting by manifest.
734 silly tarball no local data for functions-have-names@https://registry.npmjs.org/functions-have-names/-/functions-have-names-1.2.3.tgz. Extracting by manifest.
735 silly tarball no local data for find-up@https://registry.npmjs.org/find-up/-/find-up-5.0.0.tgz. Extracting by manifest.
736 silly tarball no local data for function.prototype.name@https://registry.npmjs.org/function.prototype.name/-/function.prototype.name-1.2.0.tgz. Extracting by manifest.
737 silly tarball no local data for fill-range@https://registry.npmjs.org/fill-range/-/fill-range-7.1.1.tgz. Extracting by manifest.
738 silly tarball no local data for for-each@https://registry.npmjs.org/for-each/-/for-each-0.3.5.tgz. Extracting by manifest.
739 silly tarball no local data for flat-cache@https://registry.npmjs.org/flat-cache/-/flat-cache-4.0.1.tgz. Extracting by manifest.
740 silly tarball no local data for fastq@https://registry.npmjs.org/fastq/-/fastq-1.20.1.tgz. Extracting by manifest.
741 silly tarball no local data for filelist@https://registry.npmjs.org/filelist/-/filelist-1.0.6.tgz. Extracting by manifest.
742 silly tarball no local data for fast-levenshtein@https://registry.npmjs.org/fast-levenshtein/-/fast-levenshtein-2.0.6.tgz. Extracting by manifest.
743 silly tarball no local data for fast-json-stable-stringify@https://registry.npmjs.org/fast-json-stable-stringify/-/fast-json-stable-stringify-2.1.0.tgz. Extracting by manifest.
744 silly tarball no local data for file-entry-cache@https://registry.npmjs.org/file-entry-cache/-/file-entry-cache-8.0.0.tgz. Extracting by manifest.
745 silly tarball no local data for estraverse@https://registry.npmjs.org/estraverse/-/estraverse-5.3.0.tgz. Extracting by manifest.
746 silly tarball no local data for fast-deep-equal@https://registry.npmjs.org/fast-deep-equal/-/fast-deep-equal-3.1.3.tgz. Extracting by manifest.
747 silly tarball no local data for esutils@https://registry.npmjs.org/esutils/-/esutils-2.0.3.tgz. Extracting by manifest.
748 silly tarball no local data for espree@https://registry.npmjs.org/espree/-/espree-10.4.0.tgz. Extracting by manifest.
749 silly tarball no local data for eslint-scope@https://registry.npmjs.org/eslint-scope/-/eslint-scope-8.4.0.tgz. Extracting by manifest.
750 silly tarball no local data for esrecurse@https://registry.npmjs.org/esrecurse/-/esrecurse-4.3.0.tgz. Extracting by manifest.
751 silly tarball no local data for fast-glob@https://registry.npmjs.org/fast-glob/-/fast-glob-3.3.1.tgz. Extracting by manifest.
752 silly tarball no local data for esquery@https://registry.npmjs.org/esquery/-/esquery-1.7.0.tgz. Extracting by manifest.
753 silly tarball no local data for eslint-plugin-react-hooks@https://registry.npmjs.org/eslint-plugin-react-hooks/-/eslint-plugin-react-hooks-7.1.1.tgz. Extracting by manifest.
754 silly tarball no local data for eslint-plugin-react@https://registry.npmjs.org/eslint-plugin-react/-/eslint-plugin-react-7.37.5.tgz. Extracting by manifest.
755 silly tarball no local data for eslint-plugin-import@https://registry.npmjs.org/eslint-plugin-import/-/eslint-plugin-import-2.32.0.tgz. Extracting by manifest.
756 silly tarball no local data for eslint-visitor-keys@https://registry.npmjs.org/eslint-visitor-keys/-/eslint-visitor-keys-4.2.1.tgz. Extracting by manifest.
757 silly tarball no local data for eslint-import-resolver-typescript@https://registry.npmjs.org/eslint-import-resolver-typescript/-/eslint-import-resolver-typescript-3.10.1.tgz. Extracting by manifest.
758 silly tarball no local data for eslint-plugin-jsx-a11y@https://registry.npmjs.org/eslint-plugin-jsx-a11y/-/eslint-plugin-jsx-a11y-6.10.2.tgz. Extracting by manifest.
759 silly tarball no local data for eslint-config-next@https://registry.npmjs.org/eslint-config-next/-/eslint-config-next-16.2.12.tgz. Extracting by manifest.
760 silly tarball no local data for eslint@https://registry.npmjs.org/eslint/-/eslint-9.39.5.tgz. Extracting by manifest.
761 silly tarball no local data for escape-string-regexp@https://registry.npmjs.org/escape-string-regexp/-/escape-string-regexp-4.0.0.tgz. Extracting by manifest.
762 silly tarball no local data for eslint-import-resolver-node@https://registry.npmjs.org/eslint-import-resolver-node/-/eslint-import-resolver-node-0.3.10.tgz. Extracting by manifest.
763 silly tarball no local data for eslint-module-utils@https://registry.npmjs.org/eslint-module-utils/-/eslint-module-utils-2.14.0.tgz. Extracting by manifest.
764 silly tarball no local data for escape-goat@https://registry.npmjs.org/escape-goat/-/escape-goat-3.0.0.tgz. Extracting by manifest.
765 silly tarball no local data for es-shim-unscopables@https://registry.npmjs.org/es-shim-unscopables/-/es-shim-unscopables-1.1.0.tgz. Extracting by manifest.
766 silly tarball no local data for escalade@https://registry.npmjs.org/escalade/-/escalade-3.2.0.tgz. Extracting by manifest.
767 silly tarball no local data for es-object-atoms@https://registry.npmjs.org/es-object-atoms/-/es-object-atoms-1.1.2.tgz. Extracting by manifest.
768 silly tarball no local data for es-to-primitive@https://registry.npmjs.org/es-to-primitive/-/es-to-primitive-1.3.4.tgz. Extracting by manifest.
769 silly tarball no local data for es-iterator-helpers@https://registry.npmjs.org/es-iterator-helpers/-/es-iterator-helpers-1.4.0.tgz. Extracting by manifest.
770 silly tarball no local data for es-set-tostringtag@https://registry.npmjs.org/es-set-tostringtag/-/es-set-tostringtag-2.1.0.tgz. Extracting by manifest.
771 silly tarball no local data for es-abstract-get@https://registry.npmjs.org/es-abstract-get/-/es-abstract-get-1.0.0.tgz. Extracting by manifest.
772 silly tarball no local data for es-abstract@https://registry.npmjs.org/es-abstract/-/es-abstract-1.24.2.tgz. Extracting by manifest.
773 silly tarball no local data for es-errors@https://registry.npmjs.org/es-errors/-/es-errors-1.3.0.tgz. Extracting by manifest.
774 silly tarball no local data for entities@https://registry.npmjs.org/entities/-/entities-2.2.0.tgz. Extracting by manifest.
775 silly tarball no local data for enhanced-resolve@https://registry.npmjs.org/enhanced-resolve/-/enhanced-resolve-5.24.3.tgz. Extracting by manifest.
776 silly tarball no local data for ecdsa-sig-formatter@https://registry.npmjs.org/ecdsa-sig-formatter/-/ecdsa-sig-formatter-1.0.11.tgz. Extracting by manifest.
777 silly tarball no local data for ejs@https://registry.npmjs.org/ejs/-/ejs-3.1.10.tgz. Extracting by manifest.
778 silly tarball no local data for es-define-property@https://registry.npmjs.org/es-define-property/-/es-define-property-1.0.1.tgz. Extracting by manifest.
779 silly tarball no local data for electron-to-chromium@https://registry.npmjs.org/electron-to-chromium/-/electron-to-chromium-1.5.396.tgz. Extracting by manifest.
780 silly tarball no local data for emoji-regex@https://registry.npmjs.org/emoji-regex/-/emoji-regex-9.2.2.tgz. Extracting by manifest.
781 silly tarball no local data for domhandler@https://registry.npmjs.org/domhandler/-/domhandler-4.3.1.tgz. Extracting by manifest.
782 silly tarball no local data for dom-serializer@https://registry.npmjs.org/dom-serializer/-/dom-serializer-1.4.1.tgz. Extracting by manifest.
783 silly tarball no local data for dunder-proto@https://registry.npmjs.org/dunder-proto/-/dunder-proto-1.0.1.tgz. Extracting by manifest.
784 silly tarball no local data for domutils@https://registry.npmjs.org/domutils/-/domutils-2.8.0.tgz. Extracting by manifest.
785 silly tarball no local data for domelementtype@https://registry.npmjs.org/domelementtype/-/domelementtype-2.3.0.tgz. Extracting by manifest.
786 silly tarball no local data for dijkstrajs@https://registry.npmjs.org/dijkstrajs/-/dijkstrajs-1.0.3.tgz. Extracting by manifest.
787 silly tarball no local data for dotenv@https://registry.npmjs.org/dotenv/-/dotenv-17.4.2.tgz. Extracting by manifest.
788 silly tarball no local data for doctrine@https://registry.npmjs.org/doctrine/-/doctrine-2.1.0.tgz. Extracting by manifest.
789 silly tarball no local data for define-properties@https://registry.npmjs.org/define-properties/-/define-properties-1.2.1.tgz. Extracting by manifest.
790 silly tarball no local data for detect-libc@https://registry.npmjs.org/detect-libc/-/detect-libc-2.1.2.tgz. Extracting by manifest.
791 silly tarball no local data for decamelize@https://registry.npmjs.org/decamelize/-/decamelize-1.2.0.tgz. Extracting by manifest.
792 silly tarball no local data for define-data-property@https://registry.npmjs.org/define-data-property/-/define-data-property-1.1.4.tgz. Extracting by manifest.
793 silly tarball no local data for debug@https://registry.npmjs.org/debug/-/debug-4.4.3.tgz. Extracting by manifest.
794 silly tarball no local data for deep-is@https://registry.npmjs.org/deep-is/-/deep-is-0.1.4.tgz. Extracting by manifest.
795 silly tarball no local data for data-view-byte-length@https://registry.npmjs.org/data-view-byte-length/-/data-view-byte-length-1.0.2.tgz. Extracting by manifest.
796 silly tarball no local data for damerau-levenshtein@https://registry.npmjs.org/damerau-levenshtein/-/damerau-levenshtein-1.0.8.tgz. Extracting by manifest.
797 silly tarball no local data for data-view-buffer@https://registry.npmjs.org/data-view-buffer/-/data-view-buffer-1.0.2.tgz. Extracting by manifest.
798 silly tarball no local data for csstype@https://registry.npmjs.org/csstype/-/csstype-3.2.3.tgz. Extracting by manifest.
799 silly tarball no local data for css-what@https://registry.npmjs.org/css-what/-/css-what-6.2.2.tgz. Extracting by manifest.
800 silly tarball no local data for data-view-byte-offset@https://registry.npmjs.org/data-view-byte-offset/-/data-view-byte-offset-1.0.1.tgz. Extracting by manifest.
801 silly tarball no local data for cross-spawn@https://registry.npmjs.org/cross-spawn/-/cross-spawn-7.0.6.tgz. Extracting by manifest.
802 silly tarball no local data for css-select@https://registry.npmjs.org/css-select/-/css-select-4.3.0.tgz. Extracting by manifest.
803 silly tarball no local data for concat-map@https://registry.npmjs.org/concat-map/-/concat-map-0.0.1.tgz. Extracting by manifest.
804 silly tarball no local data for commander@https://registry.npmjs.org/commander/-/commander-6.2.1.tgz. Extracting by manifest.
805 silly tarball no local data for convert-source-map@https://registry.npmjs.org/convert-source-map/-/convert-source-map-2.0.0.tgz. Extracting by manifest.
806 silly tarball no local data for cluster-key-slot@https://registry.npmjs.org/cluster-key-slot/-/cluster-key-slot-1.1.2.tgz. Extracting by manifest.
807 silly tarball no local data for cliui@https://registry.npmjs.org/cliui/-/cliui-6.0.0.tgz. Extracting by manifest.
808 silly tarball no local data for color-name@https://registry.npmjs.org/color-name/-/color-name-1.1.4.tgz. Extracting by manifest.
809 silly tarball no local data for client-only@https://registry.npmjs.org/client-only/-/client-only-0.0.1.tgz. Extracting by manifest.
810 silly tarball no local data for cheerio-select@https://registry.npmjs.org/cheerio-select/-/cheerio-select-1.6.0.tgz. Extracting by manifest.
811 silly tarball no local data for color-convert@https://registry.npmjs.org/color-convert/-/color-convert-2.0.1.tgz. Extracting by manifest.
812 silly tarball no local data for camelcase@https://registry.npmjs.org/camelcase/-/camelcase-5.3.1.tgz. Extracting by manifest.
813 silly tarball no local data for cheerio@https://registry.npmjs.org/cheerio/-/cheerio-1.0.0-rc.10.tgz. Extracting by manifest.
814 silly tarball no local data for chalk@https://registry.npmjs.org/chalk/-/chalk-4.1.2.tgz. Extracting by manifest.
815 silly tarball no local data for callsites@https://registry.npmjs.org/callsites/-/callsites-3.1.0.tgz. Extracting by manifest.
816 silly tarball no local data for caniuse-lite@https://registry.npmjs.org/caniuse-lite/-/caniuse-lite-1.0.30001806.tgz. Extracting by manifest.
817 silly tarball no local data for buffer-equal-constant-time@https://registry.npmjs.org/buffer-equal-constant-time/-/buffer-equal-constant-time-1.0.1.tgz. Extracting by manifest.
818 silly tarball no local data for bson@https://registry.npmjs.org/bson/-/bson-6.10.4.tgz. Extracting by manifest.
819 silly tarball no local data for call-bind@https://registry.npmjs.org/call-bind/-/call-bind-1.0.9.tgz. Extracting by manifest.
820 silly tarball no local data for browserslist@https://registry.npmjs.org/browserslist/-/browserslist-4.28.7.tgz. Extracting by manifest.
821 silly tarball no local data for call-bind-apply-helpers@https://registry.npmjs.org/call-bind-apply-helpers/-/call-bind-apply-helpers-1.0.2.tgz. Extracting by manifest.
822 silly tarball no local data for call-bound@https://registry.npmjs.org/call-bound/-/call-bound-1.0.4.tgz. Extracting by manifest.
823 silly tarball no local data for braces@https://registry.npmjs.org/braces/-/braces-3.0.3.tgz. Extracting by manifest.
824 silly tarball no local data for brace-expansion@https://registry.npmjs.org/brace-expansion/-/brace-expansion-1.1.16.tgz. Extracting by manifest.
825 silly tarball no local data for boolbase@https://registry.npmjs.org/boolbase/-/boolbase-1.0.0.tgz. Extracting by manifest.
826 silly tarball no local data for bcryptjs@https://registry.npmjs.org/bcryptjs/-/bcryptjs-2.4.3.tgz. Extracting by manifest.
827 silly tarball no local data for baseline-browser-mapping@https://registry.npmjs.org/baseline-browser-mapping/-/baseline-browser-mapping-2.11.5.tgz. Extracting by manifest.
828 silly tarball no local data for axe-core@https://registry.npmjs.org/axe-core/-/axe-core-4.12.1.tgz. Extracting by manifest.
829 silly tarball no local data for balanced-match@https://registry.npmjs.org/balanced-match/-/balanced-match-1.0.2.tgz. Extracting by manifest.
830 silly tarball no local data for axobject-query@https://registry.npmjs.org/axobject-query/-/axobject-query-4.1.0.tgz. Extracting by manifest.
831 silly tarball no local data for available-typed-arrays@https://registry.npmjs.org/available-typed-arrays/-/available-typed-arrays-1.0.7.tgz. Extracting by manifest.
832 silly tarball no local data for async-function@https://registry.npmjs.org/async-function/-/async-function-1.0.0.tgz. Extracting by manifest.
833 silly tarball no local data for ast-types-flow@https://registry.npmjs.org/ast-types-flow/-/ast-types-flow-0.0.8.tgz. Extracting by manifest.
834 silly tarball no local data for array.prototype.flatmap@https://registry.npmjs.org/array.prototype.flatmap/-/array.prototype.flatmap-1.3.3.tgz. Extracting by manifest.
835 silly tarball no local data for async@https://registry.npmjs.org/async/-/async-3.2.6.tgz. Extracting by manifest.
836 silly tarball no local data for arraybuffer.prototype.slice@https://registry.npmjs.org/arraybuffer.prototype.slice/-/arraybuffer.prototype.slice-1.0.4.tgz. Extracting by manifest.
837 silly tarball no local data for array.prototype.findlast@https://registry.npmjs.org/array.prototype.findlast/-/array.prototype.findlast-1.2.5.tgz. Extracting by manifest.
838 silly tarball no local data for array.prototype.tosorted@https://registry.npmjs.org/array.prototype.tosorted/-/array.prototype.tosorted-1.1.4.tgz. Extracting by manifest.
839 silly tarball no local data for array.prototype.findlastindex@https://registry.npmjs.org/array.prototype.findlastindex/-/array.prototype.findlastindex-1.2.6.tgz. Extracting by manifest.
840 silly tarball no local data for array.prototype.flat@https://registry.npmjs.org/array.prototype.flat/-/array.prototype.flat-1.3.3.tgz. Extracting by manifest.
841 silly tarball no local data for array-buffer-byte-length@https://registry.npmjs.org/array-buffer-byte-length/-/array-buffer-byte-length-1.0.2.tgz. Extracting by manifest.
842 silly tarball no local data for argparse@https://registry.npmjs.org/argparse/-/argparse-2.0.1.tgz. Extracting by manifest.
843 silly tarball no local data for ansi-styles@https://registry.npmjs.org/ansi-styles/-/ansi-styles-4.3.0.tgz. Extracting by manifest.
844 silly tarball no local data for aria-query@https://registry.npmjs.org/aria-query/-/aria-query-5.3.2.tgz. Extracting by manifest.
845 silly tarball no local data for @unrs/resolver-binding-win32-x64-msvc@https://registry.npmjs.org/@unrs/resolver-binding-win32-x64-msvc/-/resolver-binding-win32-x64-msvc-1.12.2.tgz. Extracting by manifest.
846 silly tarball no local data for @typescript-eslint/utils@https://registry.npmjs.org/@typescript-eslint/utils/-/utils-8.65.0.tgz. Extracting by manifest.
847 silly tarball no local data for array-includes@https://registry.npmjs.org/array-includes/-/array-includes-3.1.9.tgz. Extracting by manifest.
848 silly tarball no local data for acorn-jsx@https://registry.npmjs.org/acorn-jsx/-/acorn-jsx-5.3.2.tgz. Extracting by manifest.
849 silly tarball no local data for @typescript-eslint/typescript-estree@https://registry.npmjs.org/@typescript-eslint/typescript-estree/-/typescript-estree-8.65.0.tgz. Extracting by manifest.
850 silly tarball no local data for ansi-regex@https://registry.npmjs.org/ansi-regex/-/ansi-regex-5.0.1.tgz. Extracting by manifest.
851 silly tarball no local data for @typescript-eslint/scope-manager@https://registry.npmjs.org/@typescript-eslint/scope-manager/-/scope-manager-8.65.0.tgz. Extracting by manifest.
852 silly tarball no local data for @typescript-eslint/types@https://registry.npmjs.org/@typescript-eslint/types/-/types-8.65.0.tgz. Extracting by manifest.
853 silly tarball no local data for @typescript-eslint/type-utils@https://registry.npmjs.org/@typescript-eslint/type-utils/-/type-utils-8.65.0.tgz. Extracting by manifest.
854 silly tarball no local data for @typescript-eslint/tsconfig-utils@https://registry.npmjs.org/@typescript-eslint/tsconfig-utils/-/tsconfig-utils-8.65.0.tgz. Extracting by manifest.
855 silly tarball no local data for @typescript-eslint/project-service@https://registry.npmjs.org/@typescript-eslint/project-service/-/project-service-8.65.0.tgz. Extracting by manifest.
856 silly tarball no local data for @typescript-eslint/visitor-keys@https://registry.npmjs.org/@typescript-eslint/visitor-keys/-/visitor-keys-8.65.0.tgz. Extracting by manifest.
857 silly tarball no local data for acorn@https://registry.npmjs.org/acorn/-/acorn-8.17.0.tgz. Extracting by manifest.
858 silly tarball no local data for @typescript-eslint/parser@https://registry.npmjs.org/@typescript-eslint/parser/-/parser-8.65.0.tgz. Extracting by manifest.
859 silly tarball no local data for ansi-colors@https://registry.npmjs.org/ansi-colors/-/ansi-colors-4.1.3.tgz. Extracting by manifest.
860 silly tarball no local data for @typescript-eslint/eslint-plugin@https://registry.npmjs.org/@typescript-eslint/eslint-plugin/-/eslint-plugin-8.65.0.tgz. Extracting by manifest.
861 silly tarball no local data for @types/webidl-conversions@https://registry.npmjs.org/@types/webidl-conversions/-/webidl-conversions-7.0.3.tgz. Extracting by manifest.
862 silly tarball no local data for ajv@https://registry.npmjs.org/ajv/-/ajv-6.15.0.tgz. Extracting by manifest.
863 silly tarball no local data for @types/react-dom@https://registry.npmjs.org/@types/react-dom/-/react-dom-19.2.3.tgz. Extracting by manifest.
864 silly tarball no local data for @types/whatwg-url@https://registry.npmjs.org/@types/whatwg-url/-/whatwg-url-11.0.5.tgz. Extracting by manifest.
865 silly tarball no local data for @tailwindcss/oxide-win32-x64-msvc@https://registry.npmjs.org/@tailwindcss/oxide-win32-x64-msvc/-/oxide-win32-x64-msvc-4.3.3.tgz. Extracting by manifest.
866 silly tarball no local data for @types/json5@https://registry.npmjs.org/@types/json5/-/json5-0.0.29.tgz. Extracting by manifest.
867 silly tarball no local data for @types/react@https://registry.npmjs.org/@types/react/-/react-19.2.17.tgz. Extracting by manifest.
868 silly tarball no local data for @types/estree@https://registry.npmjs.org/@types/estree/-/estree-1.0.9.tgz. Extracting by manifest.
869 silly tarball no local data for @types/node@https://registry.npmjs.org/@types/node/-/node-20.19.43.tgz. Extracting by manifest.
870 silly tarball no local data for @tailwindcss/postcss@https://registry.npmjs.org/@tailwindcss/postcss/-/postcss-4.3.3.tgz. Extracting by manifest.
871 silly tarball no local data for @tailwindcss/node@https://registry.npmjs.org/@tailwindcss/node/-/node-4.3.3.tgz. Extracting by manifest.
872 silly tarball no local data for @types/json-schema@https://registry.npmjs.org/@types/json-schema/-/json-schema-7.0.15.tgz. Extracting by manifest.
873 silly tarball no local data for @tailwindcss/oxide@https://registry.npmjs.org/@tailwindcss/oxide/-/oxide-4.3.3.tgz. Extracting by manifest.
874 silly tarball no local data for @swc/helpers@https://registry.npmjs.org/@swc/helpers/-/helpers-0.5.15.tgz. Extracting by manifest.
875 silly tarball no local data for @scure/base@https://registry.npmjs.org/@scure/base/-/base-2.2.0.tgz. Extracting by manifest.
876 silly tarball no local data for @redis/time-series@https://registry.npmjs.org/@redis/time-series/-/time-series-6.2.0.tgz. Extracting by manifest.
877 silly tarball no local data for @rtsao/scc@https://registry.npmjs.org/@rtsao/scc/-/scc-1.1.0.tgz. Extracting by manifest.
878 silly tarball no local data for @otplib/uri@https://registry.npmjs.org/@otplib/uri/-/uri-13.4.1.tgz. Extracting by manifest.
879 silly tarball no local data for @redis/search@https://registry.npmjs.org/@redis/search/-/search-6.2.0.tgz. Extracting by manifest.
880 silly tarball no local data for @otplib/totp@https://registry.npmjs.org/@otplib/totp/-/totp-13.4.1.tgz. Extracting by manifest.
881 silly tarball no local data for @redis/json@https://registry.npmjs.org/@redis/json/-/json-6.2.0.tgz. Extracting by manifest.
882 silly tarball no local data for @redis/bloom@https://registry.npmjs.org/@redis/bloom/-/bloom-6.2.0.tgz. Extracting by manifest.
883 silly tarball no local data for @otplib/plugin-crypto-noble@https://registry.npmjs.org/@otplib/plugin-crypto-noble/-/plugin-crypto-noble-13.4.1.tgz. Extracting by manifest.
884 silly tarball no local data for @redis/client@https://registry.npmjs.org/@redis/client/-/client-6.2.0.tgz. Extracting by manifest.
885 silly tarball no local data for @otplib/plugin-base32-scure@https://registry.npmjs.org/@otplib/plugin-base32-scure/-/plugin-base32-scure-13.4.1.tgz. Extracting by manifest.
886 silly tarball no local data for @otplib/hotp@https://registry.npmjs.org/@otplib/hotp/-/hotp-13.4.1.tgz. Extracting by manifest.
887 silly tarball no local data for @otplib/plugin-crypto-node@https://registry.npmjs.org/@otplib/plugin-crypto-node/-/plugin-crypto-node-13.4.1.tgz. Extracting by manifest.
888 silly tarball no local data for @nodelib/fs.walk@https://registry.npmjs.org/@nodelib/fs.walk/-/fs.walk-1.2.8.tgz. Extracting by manifest.
889 silly tarball no local data for @otplib/core@https://registry.npmjs.org/@otplib/core/-/core-13.4.1.tgz. Extracting by manifest.
890 silly tarball no local data for @nodelib/fs.stat@https://registry.npmjs.org/@nodelib/fs.stat/-/fs.stat-2.0.5.tgz. Extracting by manifest.
891 silly tarball no local data for @next/swc-win32-x64-msvc@https://registry.npmjs.org/@next/swc-win32-x64-msvc/-/swc-win32-x64-msvc-16.3.0.tgz. Extracting by manifest.
892 silly tarball no local data for @nolyfill/is-core-module@https://registry.npmjs.org/@nolyfill/is-core-module/-/is-core-module-1.0.39.tgz. Extracting by manifest.
893 silly tarball no local data for @noble/hashes@https://registry.npmjs.org/@noble/hashes/-/hashes-2.3.0.tgz. Extracting by manifest.
894 silly tarball no local data for @next/eslint-plugin-next@https://registry.npmjs.org/@next/eslint-plugin-next/-/eslint-plugin-next-16.2.12.tgz. Extracting by manifest.
895 silly tarball no local data for @nodelib/fs.scandir@https://registry.npmjs.org/@nodelib/fs.scandir/-/fs.scandir-2.1.5.tgz. Extracting by manifest.
896 silly tarball no local data for @jridgewell/trace-mapping@https://registry.npmjs.org/@jridgewell/trace-mapping/-/trace-mapping-0.3.31.tgz. Extracting by manifest.
897 silly tarball no local data for @next/env@https://registry.npmjs.org/@next/env/-/env-16.3.0.tgz. Extracting by manifest.
898 silly tarball no local data for @mongodb-js/saslprep@https://registry.npmjs.org/@mongodb-js/saslprep/-/saslprep-1.4.13.tgz. Extracting by manifest.
899 silly tarball no local data for @jridgewell/sourcemap-codec@https://registry.npmjs.org/@jridgewell/sourcemap-codec/-/sourcemap-codec-1.5.5.tgz. Extracting by manifest.
900 silly tarball no local data for @jridgewell/remapping@https://registry.npmjs.org/@jridgewell/remapping/-/remapping-2.3.5.tgz. Extracting by manifest.
901 silly tarball no local data for @humanwhocodes/retry@https://registry.npmjs.org/@humanwhocodes/retry/-/retry-0.4.3.tgz. Extracting by manifest.
902 silly tarball no local data for @humanfs/types@https://registry.npmjs.org/@humanfs/types/-/types-0.15.0.tgz. Extracting by manifest.
903 silly tarball no local data for @jridgewell/gen-mapping@https://registry.npmjs.org/@jridgewell/gen-mapping/-/gen-mapping-0.3.13.tgz. Extracting by manifest.
904 silly tarball no local data for @jridgewell/resolve-uri@https://registry.npmjs.org/@jridgewell/resolve-uri/-/resolve-uri-3.1.2.tgz. Extracting by manifest.
905 silly tarball no local data for @img/sharp-win32-x64@https://registry.npmjs.org/@img/sharp-win32-x64/-/sharp-win32-x64-0.35.3.tgz. Extracting by manifest.
906 silly tarball no local data for @humanwhocodes/module-importer@https://registry.npmjs.org/@humanwhocodes/module-importer/-/module-importer-1.0.1.tgz. Extracting by manifest.
907 silly tarball no local data for @humanfs/core@https://registry.npmjs.org/@humanfs/core/-/core-0.19.2.tgz. Extracting by manifest.
908 silly tarball no local data for @eslint/plugin-kit@https://registry.npmjs.org/@eslint/plugin-kit/-/plugin-kit-0.4.1.tgz. Extracting by manifest.
909 silly tarball no local data for @humanfs/node@https://registry.npmjs.org/@humanfs/node/-/node-0.16.8.tgz. Extracting by manifest.
910 silly tarball no local data for @eslint/config-helpers@https://registry.npmjs.org/@eslint/config-helpers/-/config-helpers-0.4.2.tgz. Extracting by manifest.
911 silly tarball no local data for @getbrevo/brevo@https://registry.npmjs.org/@getbrevo/brevo/-/brevo-6.0.2.tgz. Extracting by manifest.
912 silly tarball no local data for @eslint/object-schema@https://registry.npmjs.org/@eslint/object-schema/-/object-schema-2.1.7.tgz. Extracting by manifest.
913 silly tarball no local data for @eslint/eslintrc@https://registry.npmjs.org/@eslint/eslintrc/-/eslintrc-3.3.6.tgz. Extracting by manifest.
914 silly tarball no local data for @eslint/config-array@https://registry.npmjs.org/@eslint/config-array/-/config-array-0.21.2.tgz. Extracting by manifest.
915 silly tarball no local data for @img/colour@https://registry.npmjs.org/@img/colour/-/colour-1.1.0.tgz. Extracting by manifest.
916 silly tarball no local data for @eslint/core@https://registry.npmjs.org/@eslint/core/-/core-0.17.0.tgz. Extracting by manifest.
917 silly tarball no local data for @babel/traverse@https://registry.npmjs.org/@babel/traverse/-/traverse-7.29.7.tgz. Extracting by manifest.
918 silly tarball no local data for @eslint/js@https://registry.npmjs.org/@eslint/js/-/js-9.39.5.tgz. Extracting by manifest.
919 silly tarball no local data for @babel/helper-validator-option@https://registry.npmjs.org/@babel/helper-validator-option/-/helper-validator-option-7.29.7.tgz. Extracting by manifest.
920 silly tarball no local data for @eslint-community/regexpp@https://registry.npmjs.org/@eslint-community/regexpp/-/regexpp-4.12.2.tgz. Extracting by manifest.
921 silly tarball no local data for @babel/template@https://registry.npmjs.org/@babel/template/-/template-7.29.7.tgz. Extracting by manifest.
922 silly tarball no local data for @babel/types@https://registry.npmjs.org/@babel/types/-/types-7.29.7.tgz. Extracting by manifest.
923 silly tarball no local data for @babel/parser@https://registry.npmjs.org/@babel/parser/-/parser-7.29.7.tgz. Extracting by manifest.
924 silly tarball no local data for @eslint-community/eslint-utils@https://registry.npmjs.org/@eslint-community/eslint-utils/-/eslint-utils-4.10.1.tgz. Extracting by manifest.
925 silly tarball no local data for @babel/helpers@https://registry.npmjs.org/@babel/helpers/-/helpers-7.29.7.tgz. Extracting by manifest.
926 silly tarball no local data for @babel/helper-validator-identifier@https://registry.npmjs.org/@babel/helper-validator-identifier/-/helper-validator-identifier-7.29.7.tgz. Extracting by manifest.
927 silly tarball no local data for @babel/helper-string-parser@https://registry.npmjs.org/@babel/helper-string-parser/-/helper-string-parser-7.29.7.tgz. Extracting by manifest.
928 silly tarball no local data for @babel/helper-module-transforms@https://registry.npmjs.org/@babel/helper-module-transforms/-/helper-module-transforms-7.29.7.tgz. Extracting by manifest.
929 silly tarball no local data for @babel/helper-compilation-targets@https://registry.npmjs.org/@babel/helper-compilation-targets/-/helper-compilation-targets-7.29.7.tgz. Extracting by manifest.
930 silly tarball no local data for @babel/helper-module-imports@https://registry.npmjs.org/@babel/helper-module-imports/-/helper-module-imports-7.29.7.tgz. Extracting by manifest.
931 silly tarball no local data for @babel/helper-globals@https://registry.npmjs.org/@babel/helper-globals/-/helper-globals-7.29.7.tgz. Extracting by manifest.
932 silly tarball no local data for @babel/generator@https://registry.npmjs.org/@babel/generator/-/generator-7.29.7.tgz. Extracting by manifest.
933 silly tarball no local data for @babel/code-frame@https://registry.npmjs.org/@babel/code-frame/-/code-frame-7.29.7.tgz. Extracting by manifest.
934 silly tarball no local data for @babel/core@https://registry.npmjs.org/@babel/core/-/core-7.29.7.tgz. Extracting by manifest.
935 silly tarball no local data for @alloc/quick-lru@https://registry.npmjs.org/@alloc/quick-lru/-/quick-lru-5.2.0.tgz. Extracting by manifest.
936 silly tarball no local data for p-locate@https://registry.npmjs.org/p-locate/-/p-locate-4.1.0.tgz. Extracting by manifest.
937 silly tarball no local data for p-limit@https://registry.npmjs.org/p-limit/-/p-limit-2.3.0.tgz. Extracting by manifest.
938 silly tarball no local data for @babel/compat-data@https://registry.npmjs.org/@babel/compat-data/-/compat-data-7.29.7.tgz. Extracting by manifest.
939 silly tarball no local data for domhandler@https://registry.npmjs.org/domhandler/-/domhandler-3.3.0.tgz. Extracting by manifest.
940 silly tarball no local data for find-up@https://registry.npmjs.org/find-up/-/find-up-4.1.0.tgz. Extracting by manifest.
941 silly tarball no local data for picomatch@https://registry.npmjs.org/picomatch/-/picomatch-4.0.5.tgz. Extracting by manifest.
942 silly tarball no local data for json5@https://registry.npmjs.org/json5/-/json5-1.0.2.tgz. Extracting by manifest.
943 silly tarball no local data for tr46@https://registry.npmjs.org/tr46/-/tr46-0.0.3.tgz. Extracting by manifest.
944 silly tarball no local data for emoji-regex@https://registry.npmjs.org/emoji-regex/-/emoji-regex-8.0.0.tgz. Extracting by manifest.
945 silly tarball no local data for locate-path@https://registry.npmjs.org/locate-path/-/locate-path-5.0.0.tgz. Extracting by manifest.
946 silly tarball no local data for htmlparser2@https://registry.npmjs.org/htmlparser2/-/htmlparser2-5.0.1.tgz. Extracting by manifest.
947 silly tarball no local data for semver@https://registry.npmjs.org/semver/-/semver-7.8.5.tgz. Extracting by manifest.
948 silly tarball no local data for fdir@https://registry.npmjs.org/fdir/-/fdir-6.5.0.tgz. Extracting by manifest.
949 silly tarball no local data for semver@https://registry.npmjs.org/semver/-/semver-7.8.5.tgz. Extracting by manifest.
950 silly tarball no local data for webidl-conversions@https://registry.npmjs.org/webidl-conversions/-/webidl-conversions-3.0.1.tgz. Extracting by manifest.
951 silly tarball no local data for whatwg-url@https://registry.npmjs.org/whatwg-url/-/whatwg-url-5.0.0.tgz. Extracting by manifest.
952 silly tarball no local data for glob-parent@https://registry.npmjs.org/glob-parent/-/glob-parent-5.1.2.tgz. Extracting by manifest.
953 silly tarball no local data for debug@https://registry.npmjs.org/debug/-/debug-3.2.7.tgz. Extracting by manifest.
954 silly tarball no local data for semver@https://registry.npmjs.org/semver/-/semver-7.8.5.tgz. Extracting by manifest.
955 silly tarball no local data for brace-expansion@https://registry.npmjs.org/brace-expansion/-/brace-expansion-2.1.4.tgz. Extracting by manifest.
956 silly tarball no local data for globals@https://registry.npmjs.org/globals/-/globals-16.4.0.tgz. Extracting by manifest.
957 silly tarball no local data for minimatch@https://registry.npmjs.org/minimatch/-/minimatch-5.1.9.tgz. Extracting by manifest.
958 silly tarball no local data for debug@https://registry.npmjs.org/debug/-/debug-3.2.7.tgz. Extracting by manifest.
959 silly tarball no local data for eslint-visitor-keys@https://registry.npmjs.org/eslint-visitor-keys/-/eslint-visitor-keys-5.0.1.tgz. Extracting by manifest.
960 silly tarball no local data for semver@https://registry.npmjs.org/semver/-/semver-7.8.5.tgz. Extracting by manifest.
961 silly tarball no local data for debug@https://registry.npmjs.org/debug/-/debug-3.2.7.tgz. Extracting by manifest.
962 silly tarball no local data for ignore@https://registry.npmjs.org/ignore/-/ignore-7.0.6.tgz. Extracting by manifest.
963 silly tarball no local data for balanced-match@https://registry.npmjs.org/balanced-match/-/balanced-match-4.0.4.tgz. Extracting by manifest.
964 silly tarball no local data for eslint-visitor-keys@https://registry.npmjs.org/eslint-visitor-keys/-/eslint-visitor-keys-3.4.3.tgz. Extracting by manifest.
965 silly tarball no local data for brace-expansion@https://registry.npmjs.org/brace-expansion/-/brace-expansion-5.0.8.tgz. Extracting by manifest.
966 silly tarball no local data for minimatch@https://registry.npmjs.org/minimatch/-/minimatch-10.2.5.tgz. Extracting by manifest.
967 http fetch POST 200 https://registry.npmjs.org/-/npm/v1/security/advisories/bulk 1122ms
968 silly audit report {
968 silly audit report   'brace-expansion': [
968 silly audit report     {
968 silly audit report       id: 1130588,
968 silly audit report       url: 'https://github.com/advisories/GHSA-mh99-v99m-4gvg',
968 silly audit report       title: 'brace-expansion: DoS via unbounded expansion length causing an out-of-memory process crash',
968 silly audit report       severity: 'high',
968 silly audit report       vulnerable_versions: '<1.1.17',
968 silly audit report       cwe: [Array],
968 silly audit report       cvss: [Object]
968 silly audit report     },
968 silly audit report     {
968 silly audit report       id: 1130734,
968 silly audit report       url: 'https://github.com/advisories/GHSA-rgw5-rvv9-x895',
968 silly audit report       title: 'brace-expansion: DoS via unbounded intermediate arrays, bypassing the CVE-2026-14257 mitigation',
968 silly audit report       severity: 'high',
968 silly audit report       vulnerable_versions: '>=4.0.0 <5.0.9',
968 silly audit report       cwe: [Array],
968 silly audit report       cvss: [Object]
968 silly audit report     },
968 silly audit report     {
968 silly audit report       id: 1130737,
968 silly audit report       url: 'https://github.com/advisories/GHSA-rgw5-rvv9-x895',
968 silly audit report       title: 'brace-expansion: DoS via unbounded intermediate arrays, bypassing the CVE-2026-14257 mitigation',
968 silly audit report       severity: 'high',
968 silly audit report       vulnerable_versions: '<1.1.18',
968 silly audit report       cwe: [Array],
968 silly audit report       cvss: [Object]
968 silly audit report     }
968 silly audit report   ],
968 silly audit report   'js-yaml': [
968 silly audit report     {
968 silly audit report       id: 1138115,
968 silly audit report       url: 'https://github.com/advisories/GHSA-5p4m-2wfm-xmqj',
968 silly audit report       title: 'JS-YAML: Quadratic CPU consumption in !!omap resolution (3.x and 4.x) — CVE-2026-59870 fix not backported',
968 silly audit report       severity: 'high',
968 silly audit report       vulnerable_versions: '>=4.0.0 <4.3.1',
968 silly audit report       cwe: [Array],
968 silly audit report       cvss: [Object]
968 silly audit report     }
968 silly audit report   ],
968 silly audit report   nanoid: [
968 silly audit report     {
968 silly audit report       id: 1138813,
968 silly audit report       url: 'https://github.com/advisories/GHSA-2v37-7h3g-55p8',
968 silly audit report       title: 'nanoid: custom generators can loop indefinitely when size is zero',
968 silly audit report       severity: 'high',
968 silly audit report       vulnerable_versions: '<3.3.17',
968 silly audit report       cwe: [Array],
968 silly audit report       cvss: [Object]
968 silly audit report     }
968 silly audit report   ],
968 silly audit report   nodemailer: [
968 silly audit report     {
968 silly audit report       id: 1109804,
968 silly audit report       url: 'https://github.com/advisories/GHSA-mm7p-fcc7-pg87',
968 silly audit report       title: 'Nodemailer: Email to an unintended domain can occur due to Interpretation Conflict',
968 silly audit report       severity: 'moderate',
968 silly audit report       vulnerable_versions: '<7.0.7',
968 silly audit report       cwe: [Array],
968 silly audit report       cvss: [Object]
968 silly audit report     },
968 silly audit report     {
968 silly audit report       id: 1120795,
968 silly audit report       url: 'https://github.com/advisories/GHSA-268h-hp4c-crq3',
968 silly audit report       title: 'Nodemailer: CRLF injection in Nodemailer List-* header comments allows arbitrary message header injection',
968 silly audit report       severity: 'moderate',
968 silly audit report       vulnerable_versions: '<=8.0.8',
968 silly audit report       cwe: [Array],
968 silly audit report       cvss: [Object]
968 silly audit report     },
968 silly audit report     {
968 silly audit report       id: 1120796,
968 silly audit report       url: 'https://github.com/advisories/GHSA-wqvq-jvpq-h66f',
968 silly audit report       title: 'Nodemailer jsonTransport bypasses disableFileAccess and disableUrlAccess during message normalization',
968 silly audit report       severity: 'moderate',
968 silly audit report       vulnerable_versions: '<=8.0.8',
968 silly audit report       cwe: [Array],
968 silly audit report       cvss: [Object]
968 silly audit report     },
968 silly audit report     {
968 silly audit report       id: 1120797,
968 silly audit report       url: 'https://github.com/advisories/GHSA-r7g4-qg5f-qqm2',
968 silly audit report       title: 'Nodemailer: Improper TLS Certificate Validation in OAuth2 Token Fetch Enables Credential Interception',
968 silly audit report       severity: 'moderate',
968 silly audit report       vulnerable_versions: '<=8.0.7',
968 silly audit report       cwe: [Array],
968 silly audit report       cvss: [Object]
968 silly audit report     },
968 silly audit report     {
968 silly audit report       id: 1121191,
968 silly audit report       url: 'https://github.com/advisories/GHSA-p6gq-j5cr-w38f',
968 silly audit report       title: 'Nodemailer: Message-level raw option bypasses disableFileAccess/disableUrlAccess, enabling arbitrary file read and full-response SSRF in the delivered message',
968 silly audit report       severity: 'high',
968 silly audit report       vulnerable_versions: '<=9.0.0',
968 silly audit report       cwe: [Array],
968 silly audit report       cvss: [Object]
968 silly audit report     },
968 silly audit report     {
968 silly audit report       id: 1115470,
968 silly audit report       url: 'https://github.com/advisories/GHSA-c7w3-x93f-qmm8',
968 silly audit report       title: 'Nodemailer has SMTP command injection due to unsanitized `envelope.size` parameter',
968 silly audit report       severity: 'low',
968 silly audit report       vulnerable_versions: '<8.0.4',
968 silly audit report       cwe: [Array],
968 silly audit report       cvss: [Object]
968 silly audit report     },
968 silly audit report     {
968 silly audit report       id: 1116270,
968 silly audit report       url: 'https://github.com/advisories/GHSA-vvjj-xcjg-gr5g',
968 silly audit report       title: 'Nodemailer Vulnerable to SMTP Command Injection via CRLF in Transport name Option (EHLO/HELO) ',
968 silly audit report       severity: 'moderate',
968 silly audit report       vulnerable_versions: '<=8.0.4',
968 silly audit report       cwe: [Array],
968 silly audit report       cvss: [Object]
968 silly audit report     },
968 silly audit report     {
968 silly audit report       id: 1123478,
968 silly audit report       url: 'https://github.com/advisories/GHSA-rcmh-qjqh-p98v',
968 silly audit report       title: 'Nodemailer’s addressparser is vulnerable to DoS caused by recursive calls',
968 silly audit report       severity: 'high',
968 silly audit report       vulnerable_versions: '>=3.0.0 <=7.0.10',
968 silly audit report       cwe: [Array],
968 silly audit report       cvss: [Object]
968 silly audit report     }
968 silly audit report   ]
968 silly audit report }
969 silly packumentCache corgi:https://registry.npmjs.org/brace-expansion cache-miss
970 silly packumentCache corgi:https://registry.npmjs.org/js-yaml cache-miss
971 silly packumentCache corgi:https://registry.npmjs.org/nanoid cache-miss
972 silly packumentCache corgi:https://registry.npmjs.org/nodemailer cache-miss
973 http fetch GET 200 https://registry.npmjs.org/which-boxed-primitive/-/which-boxed-primitive-1.1.1.tgz 901ms (cache miss)
974 http fetch GET 200 https://registry.npmjs.org/which/-/which-2.0.2.tgz 968ms (cache miss)
975 http fetch GET 200 https://registry.npmjs.org/webidl-conversions/-/webidl-conversions-7.0.0.tgz 1109ms (cache miss)
976 http fetch GET 200 https://registry.npmjs.org/web-resource-inliner/-/web-resource-inliner-6.0.1.tgz 1171ms (cache miss)
977 http fetch GET 200 https://registry.npmjs.org/yocto-queue/-/yocto-queue-0.1.0.tgz 1267ms (cache miss)
978 http fetch GET 200 https://registry.npmjs.org/valid-data-url/-/valid-data-url-3.0.1.tgz 1268ms (cache miss)
979 http fetch GET 200 https://registry.npmjs.org/word-wrap/-/word-wrap-1.2.5.tgz 1297ms (cache miss)
980 http fetch GET 200 https://registry.npmjs.org/y18n/-/y18n-4.0.3.tgz 1324ms (cache miss)
981 http fetch GET 200 https://registry.npmjs.org/yallist/-/yallist-3.1.1.tgz 1327ms (cache miss)
982 http fetch GET 200 https://registry.npmjs.org/wrap-ansi/-/wrap-ansi-6.2.0.tgz 1323ms (cache miss)
983 http fetch GET 200 https://registry.npmjs.org/which-module/-/which-module-2.0.1.tgz 1327ms (cache miss)
984 http fetch GET 200 https://registry.npmjs.org/typed-array-byte-offset/-/typed-array-byte-offset-1.0.4.tgz 1411ms (cache miss)
985 http fetch GET 200 https://registry.npmjs.org/strip-ansi/-/strip-ansi-6.0.1.tgz 1483ms (cache miss)
986 http fetch GET 200 https://registry.npmjs.org/strip-bom/-/strip-bom-3.0.0.tgz 1534ms (cache miss)
987 http fetch GET 200 https://registry.npmjs.org/string.prototype.trimstart/-/string.prototype.trimstart-1.0.8.tgz 1537ms (cache miss)
988 http fetch GET 200 https://registry.npmjs.org/stable-hash/-/stable-hash-0.0.5.tgz 1582ms (cache miss)
989 http fetch GET 200 https://registry.npmjs.org/supports-color/-/supports-color-7.2.0.tgz 1611ms (cache miss)
990 http fetch GET 200 https://registry.npmjs.org/strip-json-comments/-/strip-json-comments-3.1.1.tgz 1631ms (cache miss)
991 http fetch GET 200 https://registry.npmjs.org/string-width/-/string-width-4.2.3.tgz 1645ms (cache miss)
992 http fetch GET 200 https://registry.npmjs.org/side-channel-map/-/side-channel-map-1.0.1.tgz 1665ms (cache miss)
993 http fetch GET 200 https://registry.npmjs.org/slick/-/slick-1.12.2.tgz 1672ms (cache miss)
994 http fetch GET 200 https://registry.npmjs.org/shebang-regex/-/shebang-regex-3.0.0.tgz 1670ms (cache miss)
995 http fetch GET 200 https://registry.npmjs.org/update-browserslist-db/-/update-browserslist-db-1.2.3.tgz 1724ms (cache miss)
996 http fetch GET 200 https://registry.npmjs.org/to-regex-range/-/to-regex-range-5.0.1.tgz 1799ms (cache miss)
997 http fetch GET 200 https://registry.npmjs.org/sparse-bitfield/-/sparse-bitfield-3.0.3.tgz 1869ms (cache miss)
998 http fetch GET 200 https://registry.npmjs.org/tinyglobby/-/tinyglobby-0.2.17.tgz 1917ms (cache miss)
999 http fetch GET 200 https://registry.npmjs.org/shebang-command/-/shebang-command-2.0.0.tgz 1965ms (cache miss)
1000 http fetch GET 200 https://registry.npmjs.org/set-blocking/-/set-blocking-2.0.0.tgz 1968ms (cache miss)
1001 http fetch GET 200 https://registry.npmjs.org/safe-regex-test/-/safe-regex-test-1.1.0.tgz 1987ms (cache miss)
1002 http fetch GET 200 https://registry.npmjs.org/safe-buffer/-/safe-buffer-5.2.1.tgz 2004ms (cache miss)
1003 http fetch GET 200 https://registry.npmjs.org/which-collection/-/which-collection-1.0.2.tgz 2048ms (cache miss)
1004 http fetch GET 200 https://registry.npmjs.org/set-function-name/-/set-function-name-2.0.2.tgz 2068ms (cache miss)
1005 http fetch GET 200 https://registry.npmjs.org/run-parallel/-/run-parallel-1.2.0.tgz 2067ms (cache miss)
1006 http fetch GET 200 https://registry.npmjs.org/yargs-parser/-/yargs-parser-18.1.3.tgz 2144ms (cache miss)
1007 http fetch GET 200 https://registry.npmjs.org/which-builtin-type/-/which-builtin-type-1.2.1.tgz 2144ms (cache miss)
1008 http fetch GET 200 https://registry.npmjs.org/resolve-pkg-maps/-/resolve-pkg-maps-1.0.0.tgz 2138ms (cache miss)
1009 http fetch GET 200 https://registry.npmjs.org/type-check/-/type-check-0.4.0.tgz 2176ms (cache miss)
1010 http fetch GET 200 https://registry.npmjs.org/typed-array-length/-/typed-array-length-1.0.8.tgz 2300ms (cache miss)
1011 http fetch GET 200 https://registry.npmjs.org/unrs-resolver/-/unrs-resolver-1.12.2.tgz 2300ms (cache miss)
1012 http fetch GET 200 https://registry.npmjs.org/supports-preserve-symlinks-flag/-/supports-preserve-symlinks-flag-1.0.0.tgz 2298ms (cache miss)
1013 http fetch GET 200 https://registry.npmjs.org/typed-array-buffer/-/typed-array-buffer-1.0.3.tgz 2384ms (cache miss)
1014 http fetch GET 200 https://registry.npmjs.org/typed-array-byte-length/-/typed-array-byte-length-1.0.3.tgz 2472ms (cache miss)
1015 http fetch GET 200 https://registry.npmjs.org/which-typed-array/-/which-typed-array-1.1.22.tgz 2489ms (cache miss)
1016 http fetch GET 200 https://registry.npmjs.org/require-main-filename/-/require-main-filename-2.0.0.tgz 2446ms (cache miss)
1017 http fetch GET 200 https://registry.npmjs.org/unbox-primitive/-/unbox-primitive-1.1.0.tgz 2509ms (cache miss)
1018 http fetch GET 200 https://registry.npmjs.org/stop-iteration-iterator/-/stop-iteration-iterator-1.1.0.tgz 2548ms (cache miss)
1019 http fetch GET 200 https://registry.npmjs.org/resolve-from/-/resolve-from-4.0.0.tgz 2593ms (cache miss)
1020 http fetch GET 200 https://registry.npmjs.org/reflect.getprototypeof/-/reflect.getprototypeof-1.0.10.tgz 2657ms (cache miss)
1021 http fetch GET 200 https://registry.npmjs.org/react-is/-/react-is-16.13.1.tgz 2656ms (cache miss)
1022 http fetch GET 200 https://registry.npmjs.org/semver/-/semver-6.3.1.tgz 2704ms (cache miss)
1023 http fetch GET 200 https://registry.npmjs.org/typescript-eslint/-/typescript-eslint-8.65.0.tgz 2762ms (cache miss)
1024 http fetch GET 200 https://registry.npmjs.org/queue-microtask/-/queue-microtask-1.2.3.tgz 2760ms (cache miss)
1025 http fetch GET 200 https://registry.npmjs.org/possible-typed-array-names/-/possible-typed-array-names-1.1.0.tgz 2759ms (cache miss)
1026 http fetch GET 200 https://registry.npmjs.org/p-limit/-/p-limit-3.1.0.tgz 2759ms (cache miss)
1027 http fetch GET 200 https://registry.npmjs.org/picocolors/-/picocolors-1.1.1.tgz 2801ms (cache miss)
1028 http fetch GET 200 https://registry.npmjs.org/side-channel-weakmap/-/side-channel-weakmap-1.0.2.tgz 2841ms (cache miss)
1029 http fetch GET 200 https://registry.npmjs.org/parse5-htmlparser2-tree-adapter/-/parse5-htmlparser2-tree-adapter-6.0.1.tgz 2825ms (cache miss)
1030 http fetch GET 200 https://registry.npmjs.org/parent-module/-/parent-module-1.0.1.tgz 2828ms (cache miss)
1031 http fetch GET 200 https://registry.npmjs.org/path-parse/-/path-parse-1.0.7.tgz 2831ms (cache miss)
1032 http fetch GET 200 https://registry.npmjs.org/path-exists/-/path-exists-4.0.0.tgz 2864ms (cache miss)
1033 http fetch GET 200 https://registry.npmjs.org/path-key/-/path-key-3.1.1.tgz 2863ms (cache miss)
1034 http fetch GET 200 https://registry.npmjs.org/require-directory/-/require-directory-2.1.1.tgz 2904ms (cache miss)
1035 http fetch GET 200 https://registry.npmjs.org/object.groupby/-/object.groupby-1.0.3.tgz 2889ms (cache miss)
1036 http fetch GET 200 https://registry.npmjs.org/punycode/-/punycode-2.3.1.tgz 2936ms (cache miss)
1037 http fetch GET 200 https://registry.npmjs.org/p-locate/-/p-locate-5.0.0.tgz 2945ms (cache miss)
1038 http fetch GET 200 https://registry.npmjs.org/p-try/-/p-try-2.2.0.tgz 2947ms (cache miss)
1039 http fetch GET 200 https://registry.npmjs.org/object-keys/-/object-keys-1.1.1.tgz 2938ms (cache miss)
1040 http fetch GET 200 https://registry.npmjs.org/side-channel/-/side-channel-1.1.1.tgz 2986ms (cache miss)
1041 http fetch GET 200 https://registry.npmjs.org/object-assign/-/object-assign-4.1.1.tgz 2987ms (cache miss)
1042 http fetch GET 200 https://registry.npmjs.org/object.fromentries/-/object.fromentries-2.0.8.tgz 2991ms (cache miss)
1043 http fetch GET 200 https://registry.npmjs.org/natural-compare/-/natural-compare-1.4.0.tgz 3017ms (cache miss)
1044 http fetch GET 200 https://registry.npmjs.org/string.prototype.repeat/-/string.prototype.repeat-1.0.0.tgz 3068ms (cache miss)
1045 http fetch GET 200 https://registry.npmjs.org/ms/-/ms-2.1.3.tgz 3051ms (cache miss)
1046 http fetch GET 200 https://registry.npmjs.org/tr46/-/tr46-5.1.1.tgz 3213ms (cache miss)
1047 http fetch GET 200 https://registry.npmjs.org/set-function-length/-/set-function-length-1.2.2.tgz 3196ms (cache miss)
1048 http fetch GET 200 https://registry.npmjs.org/nanoid/-/nanoid-3.3.16.tgz 3229ms (cache miss)
1049 http fetch GET 200 https://registry.npmjs.org/safe-array-concat/-/safe-array-concat-1.1.4.tgz 3363ms (cache miss)
1050 http fetch GET 200 https://registry.npmjs.org/set-proto/-/set-proto-1.0.0.tgz 3453ms (cache miss)
1051 http fetch GET 200 https://registry.npmjs.org/string.prototype.trim/-/string.prototype.trim-1.2.11.tgz 3468ms (cache miss)
1052 http fetch GET 200 https://registry.npmjs.org/node-releases/-/node-releases-2.0.51.tgz 3434ms (cache miss)
1053 http fetch GET 200 https://registry.npmjs.org/safe-push-apply/-/safe-push-apply-1.0.0.tgz 3513ms (cache miss)
1054 http fetch GET 200 https://registry.npmjs.org/side-channel-list/-/side-channel-list-1.0.1.tgz 3526ms (cache miss)
1055 http fetch GET 200 https://registry.npmjs.org/merge2/-/merge2-1.4.1.tgz 3523ms (cache miss)
1056 http fetch GET 200 https://registry.npmjs.org/tslib/-/tslib-2.8.1.tgz 3656ms (cache miss)
1057 http fetch GET 200 https://registry.npmjs.org/memory-pager/-/memory-pager-1.5.0.tgz 3602ms (cache miss)
1058 http fetch GET 200 https://registry.npmjs.org/minimatch/-/minimatch-3.1.5.tgz 3656ms (cache miss)
1059 http fetch GET 200 https://registry.npmjs.org/mensch/-/mensch-0.3.4.tgz 3655ms (cache miss)
1060 http fetch GET 200 https://registry.npmjs.org/redis/-/redis-6.2.0.tgz 3710ms (cache miss)
1061 http fetch GET 200 https://registry.npmjs.org/optionator/-/optionator-0.9.4.tgz 3695ms (cache miss)
1062 http fetch GET 200 https://registry.npmjs.org/ts-api-utils/-/ts-api-utils-2.5.0.tgz 3780ms (cache miss)
1063 http fetch GET 200 https://registry.npmjs.org/string.prototype.matchall/-/string.prototype.matchall-4.0.12.tgz 3773ms (cache miss)
1064 http fetch GET 200 https://registry.npmjs.org/string.prototype.trimend/-/string.prototype.trimend-1.0.10.tgz 3873ms (cache miss)
1065 http fetch GET 200 https://registry.npmjs.org/math-intrinsics/-/math-intrinsics-1.1.0.tgz 3854ms (cache miss)
1066 http fetch GET 200 https://registry.npmjs.org/own-keys/-/own-keys-1.0.2.tgz 3915ms (cache miss)
1067 http fetch GET 200 https://registry.npmjs.org/lru-cache/-/lru-cache-5.1.1.tgz 3892ms (cache miss)
1068 http fetch GET 200 https://registry.npmjs.org/loose-envify/-/loose-envify-1.4.0.tgz 3892ms (cache miss)
1069 http fetch GET 200 https://registry.npmjs.org/node-fetch/-/node-fetch-2.7.0.tgz 4054ms (cache miss)
1070 http fetch GET 200 https://registry.npmjs.org/micromatch/-/micromatch-4.0.8.tgz 4052ms (cache miss)
1071 http fetch GET 200 https://registry.npmjs.org/lodash.isplainobject/-/lodash.isplainobject-4.0.6.tgz 4100ms (cache miss)
1072 http fetch GET 200 https://registry.npmjs.org/lodash.isstring/-/lodash.isstring-4.0.1.tgz 4159ms (cache miss)
1073 http fetch GET 200 https://registry.npmjs.org/whatwg-url/-/whatwg-url-14.2.0.tgz 4262ms (cache miss)
1074 http fetch GET 200 https://registry.npmjs.org/lodash.merge/-/lodash.merge-4.6.2.tgz 4202ms (cache miss)
1075 http fetch GET 200 https://registry.npmjs.org/lodash.once/-/lodash.once-4.1.1.tgz 4237ms (cache miss)
1076 http fetch GET 200 https://registry.npmjs.org/prelude-ls/-/prelude-ls-1.2.1.tgz 4287ms (cache miss)
1077 http fetch GET 200 https://registry.npmjs.org/prop-types/-/prop-types-15.8.1.tgz 4323ms (cache miss)
1078 http fetch GET 200 https://registry.npmjs.org/lodash.isinteger/-/lodash.isinteger-4.0.4.tgz 4330ms (cache miss)
1079 http fetch GET 200 https://registry.npmjs.org/lodash.isnumber/-/lodash.isnumber-3.0.3.tgz 4365ms (cache miss)
1080 http fetch GET 200 https://registry.npmjs.org/locate-path/-/locate-path-6.0.0.tgz 4366ms (cache miss)
1081 http fetch GET 200 https://registry.npmjs.org/lodash.includes/-/lodash.includes-4.3.0.tgz 4398ms (cache miss)
1082 http fetch GET 200 https://registry.npmjs.org/lodash.isboolean/-/lodash.isboolean-3.0.3.tgz 4432ms (cache miss)
1083 http fetch GET 200 https://registry.npmjs.org/picomatch/-/picomatch-2.3.2.tgz 4487ms (cache miss)
1084 http fetch GET 200 https://registry.npmjs.org/reusify/-/reusify-1.1.0.tgz 4500ms (cache miss)
1085 http fetch GET 200 https://registry.npmjs.org/scheduler/-/scheduler-0.27.0.tgz 4568ms (cache miss)
1086 http fetch GET 200 https://registry.npmjs.org/json-stable-stringify-without-jsonify/-/json-stable-stringify-without-jsonify-1.0.1.tgz 4604ms (cache miss)
1087 http fetch GET 200 https://registry.npmjs.org/kareem/-/kareem-2.6.3.tgz 4639ms (cache miss)
1088 http fetch GET 200 https://registry.npmjs.org/jwa/-/jwa-2.0.1.tgz 4633ms (cache miss)
1089 http fetch GET 200 https://registry.npmjs.org/json-schema-traverse/-/json-schema-traverse-0.4.1.tgz 4668ms (cache miss)
1090 http fetch GET 200 https://registry.npmjs.org/jws/-/jws-4.0.1.tgz 4704ms (cache miss)
1091 http fetch GET 200 https://registry.npmjs.org/jsesc/-/jsesc-3.1.0.tgz 4702ms (cache miss)
1092 http fetch GET 200 https://registry.npmjs.org/levn/-/levn-0.4.1.tgz 4831ms (cache miss)
1093 http fetch GET 200 https://registry.npmjs.org/jsonwebtoken/-/jsonwebtoken-9.0.3.tgz 4830ms (cache miss)
1094 http fetch GET 200 https://registry.npmjs.org/mime/-/mime-2.6.0.tgz 4910ms (cache miss)
1095 http fetch GET 200 https://registry.npmjs.org/keyv/-/keyv-4.5.4.tgz 4900ms (cache miss)
1096 http fetch GET 200 https://registry.npmjs.org/json-buffer/-/json-buffer-3.0.1.tgz 4895ms (cache miss)
1097 http fetch GET 200 https://registry.npmjs.org/isexe/-/isexe-2.0.0.tgz 4968ms (cache miss)
1098 http fetch GET 200 https://registry.npmjs.org/isarray/-/isarray-2.0.5.tgz 5032ms (cache miss)
1099 http fetch GET 200 https://registry.npmjs.org/js-tokens/-/js-tokens-4.0.0.tgz 5035ms (cache miss)
1100 http fetch GET 200 https://registry.npmjs.org/is-weakmap/-/is-weakmap-2.0.2.tgz 5073ms (cache miss)
1101 http fetch GET 200 https://registry.npmjs.org/regexp.prototype.flags/-/regexp.prototype.flags-1.5.4.tgz 5196ms (cache miss)
1102 http fetch GET 200 https://registry.npmjs.org/iterator.prototype/-/iterator.prototype-1.1.5.tgz 5132ms (cache miss)
1103 http fetch GET 200 https://registry.npmjs.org/is-weakref/-/is-weakref-1.1.1.tgz 5230ms (cache miss)
1104 http fetch GET 200 https://registry.npmjs.org/source-map-js/-/source-map-js-1.2.1.tgz 5380ms (cache miss)
1105 http fetch GET 200 https://registry.npmjs.org/is-string/-/is-string-1.1.1.tgz 5321ms (cache miss)
1106 http fetch GET 200 https://registry.npmjs.org/is-set/-/is-set-2.0.3.tgz 5376ms (cache miss)
1107 http fetch GET 200 https://registry.npmjs.org/mongodb-connection-string-url/-/mongodb-connection-string-url-3.0.2.tgz 5487ms (cache miss)
1108 http fetch GET 200 https://registry.npmjs.org/is-typed-array/-/is-typed-array-1.1.15.tgz 5456ms (cache miss)
1109 http fetch GET 200 https://registry.npmjs.org/is-map/-/is-map-2.0.3.tgz 5454ms (cache miss)
1110 http fetch GET 200 https://registry.npmjs.org/string.prototype.includes/-/string.prototype.includes-2.0.1.tgz 5604ms (cache miss)
1111 http fetch GET 200 https://registry.npmjs.org/is-symbol/-/is-symbol-1.1.1.tgz 5516ms (cache miss)
1112 http fetch GET 200 https://registry.npmjs.org/is-number/-/is-number-7.0.0.tgz 5512ms (cache miss)
1113 http fetch GET 200 https://registry.npmjs.org/is-negative-zero/-/is-negative-zero-2.0.3.tgz 5553ms (cache miss)
1114 http fetch GET 200 https://registry.npmjs.org/is-number-object/-/is-number-object-1.1.1.tgz 5597ms (cache miss)
1115 http fetch GET 200 https://registry.npmjs.org/is-document.all/-/is-document.all-1.0.0.tgz 5599ms (cache miss)
1116 http fetch GET 200 https://registry.npmjs.org/is-generator-function/-/is-generator-function-1.1.2.tgz 5650ms (cache miss)
1117 http fetch GET 200 https://registry.npmjs.org/is-glob/-/is-glob-4.0.3.tgz 5652ms (cache miss)
1118 http fetch GET 200 https://registry.npmjs.org/is-data-view/-/is-data-view-1.0.2.tgz 5654ms (cache miss)
1119 http fetch GET 200 https://registry.npmjs.org/object.values/-/object.values-1.2.1.tgz 5759ms (cache miss)
1120 http fetch GET 200 https://registry.npmjs.org/is-shared-array-buffer/-/is-shared-array-buffer-1.0.4.tgz 5717ms (cache miss)
1121 http fetch GET 200 https://registry.npmjs.org/is-boolean-object/-/is-boolean-object-1.2.2.tgz 5713ms (cache miss)
1122 http fetch GET 200 https://registry.npmjs.org/language-tags/-/language-tags-1.0.9.tgz 5790ms (cache miss)
1123 http fetch GET 200 https://registry.npmjs.org/is-finalizationregistry/-/is-finalizationregistry-1.1.1.tgz 5761ms (cache miss)
1124 http fetch GET 200 https://registry.npmjs.org/import-fresh/-/import-fresh-3.3.1.tgz 5752ms (cache miss)
1125 http fetch GET 200 https://registry.npmjs.org/is-array-buffer/-/is-array-buffer-3.0.5.tgz 5756ms (cache miss)
1126 http fetch GET 200 https://registry.npmjs.org/is-fullwidth-code-point/-/is-fullwidth-code-point-3.0.0.tgz 5809ms (cache miss)
1127 http fetch GET 200 https://registry.npmjs.org/is-bigint/-/is-bigint-1.1.0.tgz 5813ms (cache miss)
1128 http fetch GET 200 https://registry.npmjs.org/is-core-module/-/is-core-module-2.16.2.tgz 5861ms (cache miss)
1129 http fetch GET 200 https://registry.npmjs.org/is-bun-module/-/is-bun-module-2.0.0.tgz 5858ms (cache miss)
1130 http fetch GET 200 https://registry.npmjs.org/is-extglob/-/is-extglob-2.1.1.tgz 5860ms (cache miss)
1131 http fetch GET 200 https://registry.npmjs.org/internal-slot/-/internal-slot-1.1.0.tgz 5859ms (cache miss)
1132 http fetch GET 200 https://registry.npmjs.org/mpath/-/mpath-0.9.0.tgz 5948ms (cache miss)
1133 http fetch GET 200 https://registry.npmjs.org/is-async-function/-/is-async-function-2.1.1.tgz 5902ms (cache miss)
1134 http fetch GET 200 https://registry.npmjs.org/imurmurhash/-/imurmurhash-0.1.4.tgz 5909ms (cache miss)
1135 http fetch GET 200 https://registry.npmjs.org/ignore/-/ignore-5.3.2.tgz 5961ms (cache miss)
1136 http fetch GET 200 https://registry.npmjs.org/has-tostringtag/-/has-tostringtag-1.0.2.tgz 5993ms (cache miss)
1137 http fetch GET 200 https://registry.npmjs.org/object.entries/-/object.entries-1.1.9.tgz 6109ms (cache miss)
1138 http fetch GET 200 https://registry.npmjs.org/has-symbols/-/has-symbols-1.1.0.tgz 6125ms (cache miss)
1139 http fetch GET 200 https://registry.npmjs.org/has-flag/-/has-flag-4.0.0.tgz 6125ms (cache miss)
1140 http fetch GET 200 https://registry.npmjs.org/has-proto/-/has-proto-1.2.0.tgz 6128ms (cache miss)
1141 http fetch GET 200 https://registry.npmjs.org/globalthis/-/globalthis-1.0.4.tgz 6152ms (cache miss)
1142 http fetch GET 200 https://registry.npmjs.org/graceful-fs/-/graceful-fs-4.2.11.tgz 6159ms (cache miss)
1143 http fetch GET 200 https://registry.npmjs.org/tapable/-/tapable-2.3.3.tgz 6364ms (cache miss)
1144 http fetch GET 200 https://registry.npmjs.org/has-bigints/-/has-bigints-1.1.0.tgz 6220ms (cache miss)
1145 http fetch GET 200 https://registry.npmjs.org/has-property-descriptors/-/has-property-descriptors-1.0.2.tgz 6288ms (cache miss)
1146 http fetch GET 200 https://registry.npmjs.org/hasown/-/hasown-2.0.4.tgz 6285ms (cache miss)
1147 http fetch GET 200 https://registry.npmjs.org/functions-have-names/-/functions-have-names-1.2.3.tgz 6264ms (cache miss)
1148 http fetch GET 200 https://registry.npmjs.org/get-symbol-description/-/get-symbol-description-1.1.0.tgz 6323ms (cache miss)
1149 http fetch GET 200 https://registry.npmjs.org/get-proto/-/get-proto-1.0.1.tgz 6326ms (cache miss)
1150 http fetch GET 200 https://registry.npmjs.org/get-caller-file/-/get-caller-file-2.0.5.tgz 6323ms (cache miss)
1151 http fetch GET 200 https://registry.npmjs.org/function-bind/-/function-bind-1.1.2.tgz 6322ms (cache miss)
1152 http fetch GET 200 https://registry.npmjs.org/find-up/-/find-up-5.0.0.tgz 6311ms (cache miss)
1153 http fetch GET 200 https://registry.npmjs.org/zod-validation-error/-/zod-validation-error-4.0.2.tgz 6532ms (cache miss)
1154 http fetch GET 200 https://registry.npmjs.org/glob-parent/-/glob-parent-6.0.2.tgz 6401ms (cache miss)
1155 http fetch GET 200 https://registry.npmjs.org/generator-function/-/generator-function-2.0.1.tgz 6398ms (cache miss)
1156 http fetch GET 200 https://registry.npmjs.org/gensync/-/gensync-1.0.0-beta.2.tgz 6398ms (cache miss)
1157 http fetch GET 200 https://registry.npmjs.org/filelist/-/filelist-1.0.6.tgz 6385ms (cache miss)
1158 http fetch GET 200 https://registry.npmjs.org/fast-json-stable-stringify/-/fast-json-stable-stringify-2.1.0.tgz 6382ms (cache miss)
1159 http fetch GET 200 https://registry.npmjs.org/fill-range/-/fill-range-7.1.1.tgz 6417ms (cache miss)
1160 http fetch GET 200 https://registry.npmjs.org/fast-levenshtein/-/fast-levenshtein-2.0.6.tgz 6414ms (cache miss)
1161 http fetch GET 200 https://registry.npmjs.org/for-each/-/for-each-0.3.5.tgz 6447ms (cache miss)
1162 http fetch GET 200 https://registry.npmjs.org/file-entry-cache/-/file-entry-cache-8.0.0.tgz 6520ms (cache miss)
1163 http fetch GET 200 https://registry.npmjs.org/fast-deep-equal/-/fast-deep-equal-3.1.3.tgz 6519ms (cache miss)
1164 http fetch GET 200 https://registry.npmjs.org/esrecurse/-/esrecurse-4.3.0.tgz 6516ms (cache miss)
1165 http fetch GET 200 https://registry.npmjs.org/estraverse/-/estraverse-5.3.0.tgz 6553ms (cache miss)
1166 http fetch GET 200 https://registry.npmjs.org/eslint-config-next/-/eslint-config-next-16.2.12.tgz 6728ms (cache miss)
1167 http fetch GET 200 https://registry.npmjs.org/object.assign/-/object.assign-4.1.7.tgz 6912ms (cache miss)
1168 http fetch GET 200 https://registry.npmjs.org/is-regex/-/is-regex-1.2.1.tgz 6859ms (cache miss)
1169 http fetch GET 200 https://registry.npmjs.org/eslint-visitor-keys/-/eslint-visitor-keys-4.2.1.tgz 6780ms (cache miss)
1170 http fetch GET 200 https://registry.npmjs.org/he/-/he-1.2.0.tgz 6877ms (cache miss)
1171 http fetch GET 200 https://registry.npmjs.org/escape-goat/-/escape-goat-3.0.0.tgz 6811ms (cache miss)
1172 http fetch GET 200 https://registry.npmjs.org/is-weakset/-/is-weakset-2.0.4.tgz 6952ms (cache miss)
1173 http fetch GET 200 https://registry.npmjs.org/globals/-/globals-14.0.0.tgz 6907ms (cache miss)
1174 http fetch GET 200 https://registry.npmjs.org/escape-string-regexp/-/escape-string-regexp-4.0.0.tgz 6860ms (cache miss)
1175 http fetch GET 200 https://registry.npmjs.org/is-callable/-/is-callable-1.2.7.tgz 6982ms (cache miss)
1176 http fetch GET 200 https://registry.npmjs.org/eslint-import-resolver-node/-/eslint-import-resolver-node-0.3.10.tgz 6902ms (cache miss)
1177 http fetch GET 200 https://registry.npmjs.org/escalade/-/escalade-3.2.0.tgz 7012ms (cache miss)
1178 http fetch GET 200 https://registry.npmjs.org/es-shim-unscopables/-/es-shim-unscopables-1.1.0.tgz 7049ms (cache miss)
1179 http fetch GET 200 https://registry.npmjs.org/mquery/-/mquery-5.0.0.tgz 7227ms (cache miss)
1180 http fetch GET 200 https://registry.npmjs.org/sift/-/sift-17.1.3.tgz 7280ms (cache miss)
1181 http fetch GET 200 https://registry.npmjs.org/es-set-tostringtag/-/es-set-tostringtag-2.1.0.tgz 7097ms (cache miss)
1182 http fetch GET 200 https://registry.npmjs.org/es-object-atoms/-/es-object-atoms-1.1.2.tgz 7107ms (cache miss)
1183 http fetch GET 200 https://registry.npmjs.org/es-abstract-get/-/es-abstract-get-1.0.0.tgz 7139ms (cache miss)
1184 http fetch GET 200 https://registry.npmjs.org/es-to-primitive/-/es-to-primitive-1.3.4.tgz 7144ms (cache miss)
1185 http fetch GET 200 https://registry.npmjs.org/flat-cache/-/flat-cache-4.0.1.tgz 7226ms (cache miss)
1186 http fetch GET 200 https://registry.npmjs.org/es-errors/-/es-errors-1.3.0.tgz 7188ms (cache miss)
1187 http fetch GET 200 https://registry.npmjs.org/get-intrinsic/-/get-intrinsic-1.3.0.tgz 7389ms (cache miss)
1188 http fetch GET 200 https://registry.npmjs.org/ecdsa-sig-formatter/-/ecdsa-sig-formatter-1.0.11.tgz 7335ms (cache miss)
1189 http fetch GET 200 https://registry.npmjs.org/is-date-object/-/is-date-object-1.1.0.tgz 7492ms (cache miss)
1190 http fetch GET 200 https://registry.npmjs.org/es-define-property/-/es-define-property-1.0.1.tgz 7503ms (cache miss)
1191 http fetch GET 200 https://registry.npmjs.org/emoji-regex/-/emoji-regex-9.2.2.tgz 7585ms (cache miss)
1192 http fetch GET 200 https://registry.npmjs.org/dunder-proto/-/dunder-proto-1.0.1.tgz 7585ms (cache miss)
1193 http fetch GET 200 https://registry.npmjs.org/domutils/-/domutils-2.8.0.tgz 7585ms (cache miss)
1194 http fetch GET 200 https://registry.npmjs.org/dijkstrajs/-/dijkstrajs-1.0.3.tgz 7587ms (cache miss)
1195 http fetch GET 200 https://registry.npmjs.org/juice/-/juice-8.1.0.tgz 7756ms (cache miss)
1196 http fetch GET 200 https://registry.npmjs.org/esutils/-/esutils-2.0.3.tgz 7665ms (cache miss)
1197 http fetch GET 200 https://registry.npmjs.org/dom-serializer/-/dom-serializer-1.4.1.tgz 7634ms (cache miss)
1198 http fetch GET 200 https://registry.npmjs.org/domelementtype/-/domelementtype-2.3.0.tgz 7680ms (cache miss)
1199 http fetch GET 200 https://registry.npmjs.org/decamelize/-/decamelize-1.2.0.tgz 7824ms (cache miss)
1200 http fetch GET 200 https://registry.npmjs.org/damerau-levenshtein/-/damerau-levenshtein-1.0.8.tgz 7817ms (cache miss)
1201 http fetch GET 200 https://registry.npmjs.org/gopd/-/gopd-1.2.0.tgz 7934ms (cache miss)
1202 http fetch GET 200 https://registry.npmjs.org/get-tsconfig/-/get-tsconfig-4.14.0.tgz 7930ms (cache miss)
1203 http fetch GET 200 https://registry.npmjs.org/define-properties/-/define-properties-1.2.1.tgz 7863ms (cache miss)
1204 http fetch GET 200 https://registry.npmjs.org/data-view-byte-offset/-/data-view-byte-offset-1.0.1.tgz 7860ms (cache miss)
1205 http fetch GET 200 https://registry.npmjs.org/color-name/-/color-name-1.1.4.tgz 7854ms (cache miss)
1206 http fetch GET 200 https://registry.npmjs.org/deep-is/-/deep-is-0.1.4.tgz 7879ms (cache miss)
1207 http fetch GET 200 https://registry.npmjs.org/data-view-byte-length/-/data-view-byte-length-1.0.2.tgz 7879ms (cache miss)
1208 http fetch GET 200 https://registry.npmjs.org/convert-source-map/-/convert-source-map-2.0.0.tgz 7892ms (cache miss)
1209 http fetch GET 200 https://registry.npmjs.org/css-what/-/css-what-6.2.2.tgz 7912ms (cache miss)
1210 http fetch GET 200 https://registry.npmjs.org/magic-string/-/magic-string-0.30.21.tgz 8083ms (cache miss)
1211 http fetch GET 200 https://registry.npmjs.org/camelcase/-/camelcase-5.3.1.tgz 7901ms (cache miss)
1212 http fetch GET 200 https://registry.npmjs.org/concat-map/-/concat-map-0.0.1.tgz 7930ms (cache miss)
1213 http fetch GET 200 https://registry.npmjs.org/cluster-key-slot/-/cluster-key-slot-1.1.2.tgz 7933ms (cache miss)
1214 http fetch GET 200 https://registry.npmjs.org/client-only/-/client-only-0.0.1.tgz 7936ms (cache miss)
1215 http fetch GET 200 https://registry.npmjs.org/callsites/-/callsites-3.1.0.tgz 7944ms (cache miss)
1216 http fetch GET 200 https://registry.npmjs.org/cheerio-select/-/cheerio-select-1.6.0.tgz 7974ms (cache miss)
1217 http fetch GET 200 https://registry.npmjs.org/cross-spawn/-/cross-spawn-7.0.6.tgz 8079ms (cache miss)
1218 http fetch GET 200 https://registry.npmjs.org/cliui/-/cliui-6.0.0.tgz 8081ms (cache miss)
1219 http fetch GET 200 https://registry.npmjs.org/eslint-import-resolver-typescript/-/eslint-import-resolver-typescript-3.10.1.tgz 8185ms (cache miss)
1220 http fetch GET 200 https://registry.npmjs.org/buffer-equal-constant-time/-/buffer-equal-constant-time-1.0.1.tgz 8135ms (cache miss)
1221 http fetch GET 200 https://registry.npmjs.org/call-bound/-/call-bound-1.0.4.tgz 8179ms (cache miss)
1222 http fetch GET 200 https://registry.npmjs.org/call-bind-apply-helpers/-/call-bind-apply-helpers-1.0.2.tgz 8183ms (cache miss)
1223 http fetch GET 200 https://registry.npmjs.org/balanced-match/-/balanced-match-1.0.2.tgz 8176ms (cache miss)
1224 http fetch GET 200 https://registry.npmjs.org/braces/-/braces-3.0.3.tgz 8205ms (cache miss)
1225 http fetch GET 200 https://registry.npmjs.org/boolbase/-/boolbase-1.0.0.tgz 8234ms (cache miss)
1226 http fetch GET 200 https://registry.npmjs.org/available-typed-arrays/-/available-typed-arrays-1.0.7.tgz 8234ms (cache miss)
1227 http fetch GET 200 https://registry.npmjs.org/ast-types-flow/-/ast-types-flow-0.0.8.tgz 8240ms (cache miss)
1228 http fetch GET 200 https://registry.npmjs.org/undici-types/-/undici-types-6.21.0.tgz 8548ms (cache miss)
1229 http fetch GET 200 https://registry.npmjs.org/array.prototype.flatmap/-/array.prototype.flatmap-1.3.3.tgz 8333ms (cache miss)
1230 http fetch GET 200 https://registry.npmjs.org/async-function/-/async-function-1.0.0.tgz 8404ms (cache miss)
1231 http fetch GET 200 https://registry.npmjs.org/arraybuffer.prototype.slice/-/arraybuffer.prototype.slice-1.0.4.tgz 8401ms (cache miss)
1232 http fetch GET 200 https://registry.npmjs.org/array.prototype.findlastindex/-/array.prototype.findlastindex-1.2.6.tgz 8452ms (cache miss)
1233 http fetch GET 200 https://registry.npmjs.org/array.prototype.flat/-/array.prototype.flat-1.3.3.tgz 8496ms (cache miss)
1234 http fetch GET 200 https://registry.npmjs.org/espree/-/espree-10.4.0.tgz 8603ms (cache miss)
1235 http fetch GET 200 https://registry.npmjs.org/array.prototype.findlast/-/array.prototype.findlast-1.2.5.tgz 8659ms (cache miss)
1236 http fetch GET 200 https://registry.npmjs.org/array.prototype.tosorted/-/array.prototype.tosorted-1.1.4.tgz 8659ms (cache miss)
1237 http fetch GET 200 https://registry.npmjs.org/ansi-styles/-/ansi-styles-4.3.0.tgz 8800ms (cache miss)
1238 http fetch GET 200 https://registry.npmjs.org/acorn-jsx/-/acorn-jsx-5.3.2.tgz 8800ms (cache miss)
1239 http fetch GET 200 https://registry.npmjs.org/commander/-/commander-6.2.1.tgz 8867ms (cache miss)
1240 http fetch GET 200 https://registry.npmjs.org/color-convert/-/color-convert-2.0.1.tgz 8885ms (cache miss)
1241 http fetch GET 200 https://registry.npmjs.org/ansi-regex/-/ansi-regex-5.0.1.tgz 8890ms (cache miss)
1242 http fetch GET 200 https://registry.npmjs.org/argparse/-/argparse-2.0.1.tgz 9054ms (cache miss)
1243 http fetch GET 200 https://registry.npmjs.org/array-includes/-/array-includes-3.1.9.tgz 9047ms (cache miss)
1244 http fetch GET 200 https://registry.npmjs.org/debug/-/debug-4.4.3.tgz 9116ms (cache miss)
1245 http fetch GET 200 https://registry.npmjs.org/styled-jsx/-/styled-jsx-5.1.6.tgz 9387ms (cache miss)
1246 http fetch GET 200 https://registry.npmjs.org/@typescript-eslint/tsconfig-utils/-/tsconfig-utils-8.65.0.tgz 9089ms (cache miss)
1247 http fetch GET 200 https://registry.npmjs.org/fastq/-/fastq-1.20.1.tgz 9252ms (cache miss)
1248 http fetch GET 200 https://registry.npmjs.org/detect-libc/-/detect-libc-2.1.2.tgz 9206ms (cache miss)
1249 http fetch GET 200 https://registry.npmjs.org/ansi-colors/-/ansi-colors-4.1.3.tgz 9168ms (cache miss)
1250 http fetch GET 200 https://registry.npmjs.org/@typescript-eslint/parser/-/parser-8.65.0.tgz 9170ms (cache miss)
1251 http fetch GET 200 https://registry.npmjs.org/chalk/-/chalk-4.1.2.tgz 9258ms (cache miss)
1252 http fetch GET 200 https://registry.npmjs.org/@typescript-eslint/visitor-keys/-/visitor-keys-8.65.0.tgz 9213ms (cache miss)
1253 http fetch GET 200 https://registry.npmjs.org/lightningcss/-/lightningcss-1.32.0.tgz 9452ms (cache miss)
1254 http fetch GET 200 https://registry.npmjs.org/@typescript-eslint/project-service/-/project-service-8.65.0.tgz 9241ms (cache miss)
1255 http fetch GET 200 https://registry.npmjs.org/flatted/-/flatted-3.4.3.tgz 9409ms (cache miss)
1256 http fetch GET 200 https://registry.npmjs.org/@types/webidl-conversions/-/webidl-conversions-7.0.3.tgz 9272ms (cache miss)
1257 http fetch GET 200 https://registry.npmjs.org/ejs/-/ejs-3.1.10.tgz 9417ms (cache miss)
1258 http fetch GET 200 https://registry.npmjs.org/@types/json5/-/json5-0.0.29.tgz 9330ms (cache miss)
1259 http fetch GET 200 https://registry.npmjs.org/@types/react-dom/-/react-dom-19.2.3.tgz 9338ms (cache miss)
1260 http fetch GET 200 https://registry.npmjs.org/@types/whatwg-url/-/whatwg-url-11.0.5.tgz 9338ms (cache miss)
1261 http fetch GET 200 https://registry.npmjs.org/@types/estree/-/estree-1.0.9.tgz 9337ms (cache miss)
1262 http fetch GET 200 https://registry.npmjs.org/domhandler/-/domhandler-4.3.1.tgz 9481ms (cache miss)
1263 http fetch GET 200 https://registry.npmjs.org/doctrine/-/doctrine-2.1.0.tgz 9481ms (cache miss)
1264 http fetch GET 200 https://registry.npmjs.org/@tailwindcss/oxide/-/oxide-4.3.3.tgz 9389ms (cache miss)
1265 http fetch GET 200 https://registry.npmjs.org/@types/json-schema/-/json-schema-7.0.15.tgz 9391ms (cache miss)
1266 http fetch GET 200 https://registry.npmjs.org/napi-postinstall/-/napi-postinstall-0.3.4.tgz 9724ms (cache miss)
1267 http fetch GET 200 https://registry.npmjs.org/data-view-buffer/-/data-view-buffer-1.0.2.tgz 9598ms (cache miss)
1268 http fetch GET 200 https://registry.npmjs.org/define-data-property/-/define-data-property-1.1.4.tgz 9609ms (cache miss)
1269 http fetch GET 200 https://registry.npmjs.org/minimist/-/minimist-1.2.8.tgz 9884ms (cache miss)
1270 http fetch GET 200 https://registry.npmjs.org/@otplib/uri/-/uri-13.4.1.tgz 9630ms (cache miss)
1271 http fetch GET 200 https://registry.npmjs.org/@rtsao/scc/-/scc-1.1.0.tgz 9633ms (cache miss)
1272 http fetch GET 200 https://registry.npmjs.org/@nodelib/fs.walk/-/fs.walk-1.2.8.tgz 9627ms (cache miss)
1273 http fetch GET 200 https://registry.npmjs.org/@nodelib/fs.stat/-/fs.stat-2.0.5.tgz 9685ms (cache miss)
1274 http fetch GET 200 https://registry.npmjs.org/react/-/react-19.2.4.tgz 10034ms (cache miss)
1275 http fetch GET 200 https://registry.npmjs.org/@otplib/hotp/-/hotp-13.4.1.tgz 9748ms (cache miss)
1276 http fetch GET 200 https://registry.npmjs.org/electron-to-chromium/-/electron-to-chromium-1.5.396.tgz 9953ms (cache miss)
1277 http fetch GET 200 https://registry.npmjs.org/browserslist/-/browserslist-4.28.7.tgz 9948ms (cache miss)
1278 http fetch GET 200 https://registry.npmjs.org/@nolyfill/is-core-module/-/is-core-module-1.0.39.tgz 9874ms (cache miss)
1279 http fetch GET 200 https://registry.npmjs.org/@nodelib/fs.scandir/-/fs.scandir-2.1.5.tgz 9899ms (cache miss)
1280 http fetch GET 200 https://registry.npmjs.org/@next/env/-/env-16.3.0.tgz 9918ms (cache miss)
1281 http fetch GET 200 https://registry.npmjs.org/call-bind/-/call-bind-1.0.9.tgz 10028ms (cache miss)
1282 http fetch GET 200 https://registry.npmjs.org/@otplib/plugin-base32-scure/-/plugin-base32-scure-13.4.1.tgz 10044ms (cache miss)
1283 http fetch GET 200 https://registry.npmjs.org/array-buffer-byte-length/-/array-buffer-byte-length-1.0.2.tgz 10111ms (cache miss)
1284 http fetch GET 200 https://registry.npmjs.org/eslint-scope/-/eslint-scope-8.4.0.tgz 10208ms (cache miss)
1285 http fetch GET 200 https://registry.npmjs.org/baseline-browser-mapping/-/baseline-browser-mapping-2.11.5.tgz 10232ms (cache miss)
1286 http fetch GET 200 https://registry.npmjs.org/node-exports-info/-/node-exports-info-1.6.2.tgz 10510ms (cache miss)
1287 http fetch GET 200 https://registry.npmjs.org/@humanwhocodes/module-importer/-/module-importer-1.0.1.tgz 10216ms (cache miss)
1288 http fetch GET 200 https://registry.npmjs.org/@humanfs/core/-/core-0.19.2.tgz 10216ms (cache miss)
1289 http fetch GET 200 https://registry.npmjs.org/json5/-/json5-2.2.3.tgz 10533ms (cache miss)
1290 http fetch GET 200 https://registry.npmjs.org/@humanfs/node/-/node-0.16.8.tgz 10266ms (cache miss)
1291 http fetch GET 200 https://registry.npmjs.org/dotenv/-/dotenv-17.4.2.tgz 10434ms (cache miss)
1292 http fetch GET 200 https://registry.npmjs.org/hermes-estree/-/hermes-estree-0.25.1.tgz 10522ms (cache miss)
1293 http fetch GET 200 https://registry.npmjs.org/@tailwindcss/postcss/-/postcss-4.3.3.tgz 10345ms (cache miss)
1294 http fetch GET 200 https://registry.npmjs.org/@scure/base/-/base-2.2.0.tgz 10428ms (cache miss)
1295 http fetch GET 200 https://registry.npmjs.org/@eslint/object-schema/-/object-schema-2.1.7.tgz 10470ms (cache miss)
1296 http fetch GET 200 https://registry.npmjs.org/@eslint/js/-/js-9.39.5.tgz 10886ms (cache miss)
1297 http fetch GET 200 https://registry.npmjs.org/@humanfs/types/-/types-0.15.0.tgz 10962ms (cache miss)
1298 http fetch GET 200 https://registry.npmjs.org/@babel/helper-validator-option/-/helper-validator-option-7.29.7.tgz 10997ms (cache miss)
1299 http fetch GET 200 https://registry.npmjs.org/function.prototype.name/-/function.prototype.name-1.2.0.tgz 11213ms (cache miss)
1300 http fetch GET 200 https://registry.npmjs.org/nth-check/-/nth-check-2.1.1.tgz 11420ms (cache miss)
1301 http fetch GET 200 https://registry.npmjs.org/@otplib/plugin-crypto-noble/-/plugin-crypto-noble-13.4.1.tgz 11176ms (cache miss)
1302 http fetch GET 200 https://registry.npmjs.org/@img/colour/-/colour-1.1.0.tgz 11133ms (cache miss)
1303 http fetch GET 200 https://registry.npmjs.org/@jridgewell/resolve-uri/-/resolve-uri-3.1.2.tgz 11261ms (cache miss)
1304 http fetch GET 200 https://registry.npmjs.org/object-inspect/-/object-inspect-1.13.4.tgz 11614ms (cache miss)
1305 http fetch GET 200 https://registry.npmjs.org/@tailwindcss/node/-/node-4.3.3.tgz 11346ms (cache miss)
1306 http fetch GET 200 https://registry.npmjs.org/@eslint/core/-/core-0.17.0.tgz 11344ms (cache miss)
1307 http fetch GET 200 https://registry.npmjs.org/@babel/helper-globals/-/helper-globals-7.29.7.tgz 11364ms (cache miss)
1308 http fetch GET 200 https://registry.npmjs.org/@otplib/totp/-/totp-13.4.1.tgz 11435ms (cache miss)
1309 http fetch GET 200 https://registry.npmjs.org/@babel/compat-data/-/compat-data-7.29.7.tgz 11532ms (cache miss)
1310 http fetch GET 200 https://registry.npmjs.org/@alloc/quick-lru/-/quick-lru-5.2.0.tgz 11536ms (cache miss)
1311 http fetch GET 200 https://registry.npmjs.org/p-limit/-/p-limit-2.3.0.tgz 11536ms (cache miss)
1312 http fetch GET 200 https://registry.npmjs.org/csstype/-/csstype-3.2.3.tgz 11713ms (cache miss)
1313 http fetch GET 200 https://registry.npmjs.org/@typescript-eslint/types/-/types-8.65.0.tgz 11683ms (cache miss)
1314 http fetch GET 200 https://registry.npmjs.org/@otplib/plugin-crypto-node/-/plugin-crypto-node-13.4.1.tgz 11650ms (cache miss)
1315 http fetch GET 200 https://registry.npmjs.org/@humanwhocodes/retry/-/retry-0.4.3.tgz 11632ms (cache miss)
1316 http fetch GET 200 https://registry.npmjs.org/p-locate/-/p-locate-4.1.0.tgz 11584ms (cache miss)
1317 http fetch GET 200 https://registry.npmjs.org/domhandler/-/domhandler-3.3.0.tgz 11586ms (cache miss)
1318 http fetch GET 200 https://registry.npmjs.org/otplib/-/otplib-13.4.1.tgz 11961ms (cache miss)
1319 http fetch GET 200 https://registry.npmjs.org/htmlparser2/-/htmlparser2-6.1.0.tgz 11889ms (cache miss)
1320 http fetch GET 200 https://registry.npmjs.org/@babel/helper-string-parser/-/helper-string-parser-7.29.7.tgz 11707ms (cache miss)
1321 http fetch GET 200 https://registry.npmjs.org/emoji-regex/-/emoji-regex-8.0.0.tgz 11729ms (cache miss)
1322 http fetch GET 200 https://registry.npmjs.org/entities/-/entities-2.2.0.tgz 11962ms (cache miss)
1323 http fetch GET 200 https://registry.npmjs.org/@babel/code-frame/-/code-frame-7.29.7.tgz 11801ms (cache miss)
1324 http fetch GET 200 https://registry.npmjs.org/find-up/-/find-up-4.1.0.tgz 11803ms (cache miss)
1325 http fetch GET 200 https://registry.npmjs.org/locate-path/-/locate-path-5.0.0.tgz 11890ms (cache miss)
1326 http fetch GET 200 https://registry.npmjs.org/acorn/-/acorn-8.17.0.tgz 12029ms (cache miss)
1327 http fetch GET 200 https://registry.npmjs.org/esquery/-/esquery-1.7.0.tgz 12448ms (cache miss)
1328 http fetch GET 200 https://registry.npmjs.org/webidl-conversions/-/webidl-conversions-3.0.1.tgz 12225ms (cache miss)
1329 http fetch GET 200 https://registry.npmjs.org/glob-parent/-/glob-parent-5.1.2.tgz 12269ms (cache miss)
1330 http fetch GET 200 https://registry.npmjs.org/tailwindcss/-/tailwindcss-4.3.3.tgz 12719ms (cache miss)
1331 http fetch GET 200 https://registry.npmjs.org/eslint-module-utils/-/eslint-module-utils-2.14.0.tgz 12590ms (cache miss)
1332 http fetch GET 200 https://registry.npmjs.org/@eslint/config-helpers/-/config-helpers-0.4.2.tgz 12550ms (cache miss)
1333 http fetch GET 200 https://registry.npmjs.org/zustand/-/zustand-5.0.14.tgz 13023ms (cache miss)
1334 http fetch GET 200 https://registry.npmjs.org/parse5/-/parse5-6.0.1.tgz 13062ms (cache miss)
1335 http fetch GET 200 https://registry.npmjs.org/brace-expansion/-/brace-expansion-1.1.16.tgz 12838ms (cache miss)
1336 http fetch GET 200 https://registry.npmjs.org/whatwg-url/-/whatwg-url-5.0.0.tgz 12708ms (cache miss)
1337 http fetch GET 200 https://registry.npmjs.org/brace-expansion/-/brace-expansion-2.1.4.tgz 12710ms (cache miss)
1338 http fetch GET 200 https://registry.npmjs.org/@types/react/-/react-19.2.17.tgz 12857ms (cache miss)
1339 http fetch GET 200 https://registry.npmjs.org/balanced-match/-/balanced-match-4.0.4.tgz 12751ms (cache miss)
1340 http fetch GET 200 https://registry.npmjs.org/eslint-visitor-keys/-/eslint-visitor-keys-3.4.3.tgz 12750ms (cache miss)
1341 http fetch GET 200 https://registry.npmjs.org/@babel/helper-validator-identifier/-/helper-validator-identifier-7.29.7.tgz 12847ms (cache miss)
1342 http fetch GET 200 https://registry.npmjs.org/@eslint-community/regexpp/-/regexpp-4.12.2.tgz 12873ms (cache miss)
1343 http fetch GET 200 https://registry.npmjs.org/brace-expansion/-/brace-expansion-5.0.8.tgz 12846ms (cache miss)
1344 http fetch GET 200 https://registry.npmjs.org/fdir/-/fdir-6.5.0.tgz 12866ms (cache miss)
1345 http fetch GET 200 https://registry.npmjs.org/@eslint/plugin-kit/-/plugin-kit-0.4.1.tgz 12974ms (cache miss)
1346 http fetch GET 200 https://registry.npmjs.org/tr46/-/tr46-0.0.3.tgz 13010ms (cache miss)
1347 http fetch GET 200 https://registry.npmjs.org/minimatch/-/minimatch-5.1.9.tgz 13136ms (cache miss)
1348 http fetch GET 200 https://registry.npmjs.org/brace-expansion 12923ms (cache miss)
1349 silly packumentCache corgi:https://registry.npmjs.org/brace-expansion set size:undefined disposed:false
1350 http fetch GET 200 https://registry.npmjs.org/ignore/-/ignore-7.0.6.tgz 13265ms (cache miss)
1351 http fetch GET 200 https://registry.npmjs.org/js-yaml 13026ms (cache miss)
1352 silly packumentCache corgi:https://registry.npmjs.org/js-yaml set size:undefined disposed:false
1353 http fetch GET 200 https://registry.npmjs.org/picomatch/-/picomatch-4.0.5.tgz 13357ms (cache miss)
1354 http fetch GET 200 https://registry.npmjs.org/globals/-/globals-16.4.0.tgz 13406ms (cache miss)
1355 http fetch GET 200 https://registry.npmjs.org/@babel/helper-module-imports/-/helper-module-imports-7.29.7.tgz 13447ms (cache miss)
1356 http fetch GET 200 https://registry.npmjs.org/@eslint-community/eslint-utils/-/eslint-utils-4.10.1.tgz 13466ms (cache miss)
1357 http fetch GET 200 https://registry.npmjs.org/nanoid 13278ms (cache miss)
1358 silly packumentCache corgi:https://registry.npmjs.org/nanoid set size:undefined disposed:false
1359 http fetch GET 200 https://registry.npmjs.org/jiti/-/jiti-2.7.0.tgz 13954ms (cache miss)
1360 http fetch GET 200 https://registry.npmjs.org/debug/-/debug-3.2.7.tgz 13653ms (cache miss)
1361 http fetch GET 200 https://registry.npmjs.org/language-subtag-registry/-/language-subtag-registry-0.3.23.tgz 14110ms (cache miss)
1362 http fetch GET 200 https://registry.npmjs.org/debug/-/debug-3.2.7.tgz 13839ms (cache miss)
1363 http fetch GET 200 https://registry.npmjs.org/debug/-/debug-3.2.7.tgz 13843ms (cache miss)
1364 http fetch GET 200 https://registry.npmjs.org/json5/-/json5-1.0.2.tgz 13896ms (cache miss)
1365 http fetch GET 200 https://registry.npmjs.org/nodemailer 13619ms (cache miss)
1366 silly packumentCache corgi:https://registry.npmjs.org/nodemailer set size:undefined disposed:false
1367 http fetch GET 200 https://registry.npmjs.org/eslint-visitor-keys/-/eslint-visitor-keys-5.0.1.tgz 13983ms (cache miss)
1368 http fetch GET 200 https://registry.npmjs.org/@unrs/resolver-binding-win32-x64-msvc/-/resolver-binding-win32-x64-msvc-1.12.2.tgz 14454ms (cache miss)
1369 silly packumentCache corgi:https://registry.npmjs.org/minimatch cache-miss
1370 http fetch GET 200 https://registry.npmjs.org/@babel/template/-/template-7.29.7.tgz 14496ms (cache miss)
1371 http fetch GET 200 https://registry.npmjs.org/@babel/helper-module-transforms/-/helper-module-transforms-7.29.7.tgz 14526ms (cache miss)
1372 http fetch GET 200 https://registry.npmjs.org/@eslint/config-array/-/config-array-0.21.2.tgz 14612ms (cache miss)
1373 http fetch GET 200 https://registry.npmjs.org/bcryptjs/-/bcryptjs-2.4.3.tgz 14738ms (cache miss)
1374 http fetch GET 200 https://registry.npmjs.org/mailgen/-/mailgen-2.0.36.tgz 14992ms (cache miss)
1375 http fetch GET 200 https://registry.npmjs.org/qrcode/-/qrcode-1.5.4.tgz 15230ms (cache miss)
1376 http fetch GET 200 https://registry.npmjs.org/@jridgewell/sourcemap-codec/-/sourcemap-codec-1.5.5.tgz 14963ms (cache miss)
1377 http fetch GET 200 https://registry.npmjs.org/@babel/helper-compilation-targets/-/helper-compilation-targets-7.29.7.tgz 15198ms (cache miss)
1378 http fetch GET 200 https://registry.npmjs.org/sharp/-/sharp-0.35.3.tgz 15605ms (cache miss)
1379 http fetch GET 200 https://registry.npmjs.org/minimatch 917ms (cache miss)
1380 silly packumentCache corgi:https://registry.npmjs.org/minimatch set size:undefined disposed:false
1381 http fetch GET 200 https://registry.npmjs.org/@jridgewell/remapping/-/remapping-2.3.5.tgz 15552ms (cache miss)
1382 http fetch GET 200 https://registry.npmjs.org/htmlparser2/-/htmlparser2-5.0.1.tgz 15559ms (cache miss)
1383 http fetch GET 200 https://registry.npmjs.org/nodemailer/-/nodemailer-6.10.1.tgz 15927ms (cache miss)
1384 http fetch GET 200 https://registry.npmjs.org/@otplib/core/-/core-13.4.1.tgz 15725ms (cache miss)
1385 http fetch GET 200 https://registry.npmjs.org/postcss/-/postcss-8.5.23.tgz 16035ms (cache miss)
1386 http fetch GET 200 https://registry.npmjs.org/@jridgewell/gen-mapping/-/gen-mapping-0.3.13.tgz 15739ms (cache miss)
1387 http fetch GET 200 https://registry.npmjs.org/jake/-/jake-10.9.4.tgz 16059ms (cache miss)
1388 http fetch GET 200 https://registry.npmjs.org/@babel/parser/-/parser-7.29.7.tgz 15803ms (cache miss)
1389 http fetch GET 200 https://registry.npmjs.org/js-yaml/-/js-yaml-4.3.0.tgz 16289ms (cache miss)
1390 silly packumentCache corgi:https://registry.npmjs.org/@eslint%2feslintrc cache-miss
1391 http fetch GET 200 https://registry.npmjs.org/css-select/-/css-select-4.3.0.tgz 16298ms (cache miss)
1392 http fetch GET 200 https://registry.npmjs.org/uri-js/-/uri-js-4.4.1.tgz 16777ms (cache miss)
1393 http fetch GET 200 https://registry.npmjs.org/eslint-plugin-react-hooks/-/eslint-plugin-react-hooks-7.1.1.tgz 16570ms (cache miss)
1394 http fetch GET 200 https://registry.npmjs.org/@tailwindcss/oxide-win32-x64-msvc/-/oxide-win32-x64-msvc-4.3.3.tgz 16504ms (cache miss)
1395 http fetch GET 200 https://registry.npmjs.org/@eslint%2feslintrc 604ms (cache miss)
1396 silly packumentCache corgi:https://registry.npmjs.org/@eslint%2feslintrc set size:undefined disposed:false
1397 http fetch GET 200 https://registry.npmjs.org/yargs/-/yargs-15.4.1.tgz 17232ms (cache miss)
1398 http fetch GET 200 https://registry.npmjs.org/@eslint/eslintrc/-/eslintrc-3.3.6.tgz 16851ms (cache miss)
1399 silly packumentCache corgi:https://registry.npmjs.org/postcss cache-miss
1400 http fetch GET 200 https://registry.npmjs.org/@mongodb-js/saslprep/-/saslprep-1.4.13.tgz 16925ms (cache miss)
1401 http fetch GET 200 https://registry.npmjs.org/@typescript-eslint/type-utils/-/type-utils-8.65.0.tgz 17021ms (cache miss)
1402 http fetch GET 200 https://registry.npmjs.org/cheerio/-/cheerio-1.0.0-rc.10.tgz 17470ms (cache miss)
1403 http fetch GET 200 https://registry.npmjs.org/@jridgewell/trace-mapping/-/trace-mapping-0.3.31.tgz 17527ms (cache miss)
1404 http fetch GET 200 https://registry.npmjs.org/postcss 779ms (cache miss)
1405 silly packumentCache corgi:https://registry.npmjs.org/postcss set size:undefined disposed:false
1406 http fetch GET 200 https://registry.npmjs.org/hermes-parser/-/hermes-parser-0.25.1.tgz 18028ms (cache miss)
1407 http fetch GET 200 https://registry.npmjs.org/@noble/hashes/-/hashes-2.3.0.tgz 17890ms (cache miss)
1408 http fetch GET 200 https://registry.npmjs.org/axe-core/-/axe-core-4.12.1.tgz 17973ms (cache miss)
1409 http fetch GET 200 https://registry.npmjs.org/enhanced-resolve/-/enhanced-resolve-5.24.3.tgz 18104ms (cache miss)
1410 http fetch GET 200 https://registry.npmjs.org/pngjs/-/pngjs-5.0.0.tgz 18321ms (cache miss)
1411 http fetch GET 200 https://registry.npmjs.org/semver/-/semver-7.8.5.tgz 18059ms (cache miss)
1412 http fetch GET 200 https://registry.npmjs.org/semver/-/semver-7.8.5.tgz 18071ms (cache miss)
1413 http fetch GET 200 https://registry.npmjs.org/tsconfig-paths/-/tsconfig-paths-3.15.0.tgz 18545ms (cache miss)
1414 http fetch GET 200 https://registry.npmjs.org/semver/-/semver-7.8.5.tgz 18162ms (cache miss)
1415 http fetch GET 200 https://registry.npmjs.org/fast-glob/-/fast-glob-3.3.1.tgz 18410ms (cache miss)
1416 http fetch GET 200 https://registry.npmjs.org/semver/-/semver-7.8.5.tgz 18180ms (cache miss)
1417 http fetch GET 200 https://registry.npmjs.org/@babel/generator/-/generator-7.29.7.tgz 18360ms (cache miss)
1418 http fetch GET 200 https://registry.npmjs.org/@next/eslint-plugin-next/-/eslint-plugin-next-16.2.12.tgz 18599ms (cache miss)
1419 http fetch GET 200 https://registry.npmjs.org/@types/node/-/node-20.19.43.tgz 18785ms (cache miss)
1420 http fetch GET 200 https://registry.npmjs.org/minimatch/-/minimatch-10.2.5.tgz 19216ms (cache miss)
1421 http fetch GET 200 https://registry.npmjs.org/bson/-/bson-6.10.4.tgz 19448ms (cache miss)
1422 http fetch GET 200 https://registry.npmjs.org/@babel/traverse/-/traverse-7.29.7.tgz 19782ms (cache miss)
1423 http fetch GET 200 https://registry.npmjs.org/react-dom/-/react-dom-19.2.4.tgz 20144ms (cache miss)
1424 http fetch GET 200 https://registry.npmjs.org/lightningcss-win32-x64-msvc/-/lightningcss-win32-x64-msvc-1.32.0.tgz 20197ms (cache miss)
1425 http fetch GET 200 https://registry.npmjs.org/@typescript-eslint/typescript-estree/-/typescript-estree-8.65.0.tgz 20243ms (cache miss)
1426 http fetch GET 200 https://registry.npmjs.org/async/-/async-3.2.6.tgz 20319ms (cache miss)
1427 http fetch GET 200 https://registry.npmjs.org/@typescript-eslint/utils/-/utils-8.65.0.tgz 20341ms (cache miss)
1428 http fetch GET 200 https://registry.npmjs.org/ajv/-/ajv-6.15.0.tgz 21034ms (cache miss)
1429 http fetch GET 200 https://registry.npmjs.org/jsx-ast-utils/-/jsx-ast-utils-3.3.5.tgz 21301ms (cache miss)
1430 http fetch GET 200 https://registry.npmjs.org/resolve/-/resolve-2.0.0-next.7.tgz 21430ms (cache miss)
1431 http fetch GET 200 https://registry.npmjs.org/es-iterator-helpers/-/es-iterator-helpers-1.4.0.tgz 21742ms (cache miss)
1432 http fetch GET 200 https://registry.npmjs.org/eslint-plugin-import/-/eslint-plugin-import-2.32.0.tgz 22756ms (cache miss)
1433 http fetch GET 200 https://registry.npmjs.org/@redis/json/-/json-6.2.0.tgz 22626ms (cache miss)
1434 http fetch GET 200 https://registry.npmjs.org/@babel/core/-/core-7.29.7.tgz 23221ms (cache miss)
1435 http fetch GET 200 https://registry.npmjs.org/axobject-query/-/axobject-query-4.1.0.tgz 23921ms (cache miss)
1436 http fetch GET 200 https://registry.npmjs.org/@img/sharp-win32-x64/-/sharp-win32-x64-0.35.3.tgz 24413ms (cache miss)
1437 http fetch GET 200 https://registry.npmjs.org/@redis/search/-/search-6.2.0.tgz 25289ms (cache miss)
1438 http fetch GET 200 https://registry.npmjs.org/@babel/types/-/types-7.29.7.tgz 25380ms (cache miss)
1439 http fetch GET 200 https://registry.npmjs.org/aria-query/-/aria-query-5.3.2.tgz 25844ms (cache miss)
1440 http fetch GET 200 https://registry.npmjs.org/@redis/time-series/-/time-series-6.2.0.tgz 26149ms (cache miss)
1441 http fetch GET 200 https://registry.npmjs.org/eslint-plugin-jsx-a11y/-/eslint-plugin-jsx-a11y-6.10.2.tgz 26709ms (cache miss)
1442 http fetch GET 200 https://registry.npmjs.org/@babel/helpers/-/helpers-7.29.7.tgz 26861ms (cache miss)
1443 http fetch GET 200 https://registry.npmjs.org/typescript/-/typescript-5.9.3.tgz 27668ms (cache miss)
1444 http fetch GET 200 https://registry.npmjs.org/html5-qrcode/-/html5-qrcode-2.3.8.tgz 27657ms (cache miss)
1445 http fetch GET 200 https://registry.npmjs.org/mongoose/-/mongoose-8.24.2.tgz 28586ms (cache miss)
1446 http fetch GET 200 https://registry.npmjs.org/@swc/helpers/-/helpers-0.5.15.tgz 28370ms (cache miss)
1447 http fetch GET 200 https://registry.npmjs.org/@redis/bloom/-/bloom-6.2.0.tgz 28495ms (cache miss)
1448 http fetch GET 200 https://registry.npmjs.org/@typescript-eslint/scope-manager/-/scope-manager-8.65.0.tgz 28854ms (cache miss)
1449 http fetch GET 200 https://registry.npmjs.org/eslint-plugin-react/-/eslint-plugin-react-7.37.5.tgz 29900ms (cache miss)
1450 http fetch GET 200 https://registry.npmjs.org/mongodb/-/mongodb-6.20.0.tgz 30848ms (cache miss)
1451 http fetch GET 200 https://registry.npmjs.org/eslint/-/eslint-9.39.5.tgz 31029ms (cache miss)
1452 http fetch GET 200 https://registry.npmjs.org/@typescript-eslint/eslint-plugin/-/eslint-plugin-8.65.0.tgz 31529ms (cache miss)
1453 http fetch GET 200 https://registry.npmjs.org/zod/-/zod-3.25.76.tgz 33982ms (cache miss)
1454 http fetch GET 200 https://registry.npmjs.org/@next/swc-win32-x64-msvc/-/swc-win32-x64-msvc-16.3.0.tgz 34404ms (cache miss)
1455 http fetch GET 200 https://registry.npmjs.org/caniuse-lite/-/caniuse-lite-1.0.30001806.tgz 35204ms (cache miss)
1456 http fetch GET 200 https://registry.npmjs.org/es-abstract/-/es-abstract-1.24.2.tgz 41861ms (cache miss)
1457 http fetch GET 200 https://registry.npmjs.org/@redis/client/-/client-6.2.0.tgz 43481ms (cache miss)
1458 http fetch GET 200 https://registry.npmjs.org/@getbrevo/brevo/-/brevo-6.0.2.tgz 57512ms (cache miss)
1459 http fetch GET 200 https://registry.npmjs.org/next/-/next-16.3.0.tgz 107609ms (cache miss)
1460 info run unrs-resolver@1.12.2 postinstall node_modules/unrs-resolver node postinstall.js
1461 info run unrs-resolver@1.12.2 postinstall { code: 0, signal: null }
1462 silly ADD node_modules/zustand
1463 silly ADD node_modules/zod-validation-error
1464 silly ADD node_modules/zod
1465 silly ADD node_modules/yocto-queue
1466 silly ADD node_modules/yargs-parser
1467 silly ADD node_modules/yargs
1468 silly ADD node_modules/yargs/node_modules/p-locate
1469 silly ADD node_modules/yargs/node_modules/p-limit
1470 silly ADD node_modules/yargs/node_modules/locate-path
1471 silly ADD node_modules/yargs/node_modules/find-up
1472 silly ADD node_modules/yallist
1473 silly ADD node_modules/y18n
1474 silly ADD node_modules/wrap-ansi
1475 silly ADD node_modules/word-wrap
1476 silly ADD node_modules/which-typed-array
1477 silly ADD node_modules/which-module
1478 silly ADD node_modules/which-collection
1479 silly ADD node_modules/which-builtin-type
1480 silly ADD node_modules/which-boxed-primitive
1481 silly ADD node_modules/which
1482 silly ADD node_modules/whatwg-url
1483 silly ADD node_modules/webidl-conversions
1484 silly ADD node_modules/web-resource-inliner
1485 silly ADD node_modules/web-resource-inliner/node_modules/htmlparser2
1486 silly ADD node_modules/web-resource-inliner/node_modules/domhandler
1487 silly ADD node_modules/valid-data-url
1488 silly ADD node_modules/uri-js
1489 silly ADD node_modules/update-browserslist-db
1490 silly ADD node_modules/unrs-resolver
1491 silly ADD node_modules/undici-types
1492 silly ADD node_modules/unbox-primitive
1493 silly ADD node_modules/typescript-eslint
1494 silly ADD node_modules/typescript
1495 silly ADD node_modules/typed-array-length
1496 silly ADD node_modules/typed-array-byte-offset
1497 silly ADD node_modules/typed-array-byte-length
1498 silly ADD node_modules/typed-array-buffer
1499 silly ADD node_modules/type-check
1500 silly ADD node_modules/tslib
1501 silly ADD node_modules/tsconfig-paths
1502 silly ADD node_modules/tsconfig-paths/node_modules/json5
1503 silly ADD node_modules/ts-api-utils
1504 silly ADD node_modules/tr46
1505 silly ADD node_modules/to-regex-range
1506 silly ADD node_modules/tinyglobby
1507 silly ADD node_modules/tinyglobby/node_modules/picomatch
1508 silly ADD node_modules/tinyglobby/node_modules/fdir
1509 silly ADD node_modules/tapable
1510 silly ADD node_modules/tailwindcss
1511 silly ADD node_modules/supports-preserve-symlinks-flag
1512 silly ADD node_modules/supports-color
1513 silly ADD node_modules/styled-jsx
1514 silly ADD node_modules/strip-json-comments
1515 silly ADD node_modules/strip-bom
1516 silly ADD node_modules/strip-ansi
1517 silly ADD node_modules/string.prototype.trimstart
1518 silly ADD node_modules/string.prototype.trimend
1519 silly ADD node_modules/string.prototype.trim
1520 silly ADD node_modules/string.prototype.repeat
1521 silly ADD node_modules/string.prototype.matchall
1522 silly ADD node_modules/string.prototype.includes
1523 silly ADD node_modules/string-width
1524 silly ADD node_modules/string-width/node_modules/emoji-regex
1525 silly ADD node_modules/stop-iteration-iterator
1526 silly ADD node_modules/stable-hash
1527 silly ADD node_modules/sparse-bitfield
1528 silly ADD node_modules/source-map-js
1529 silly ADD node_modules/slick
1530 silly ADD node_modules/sift
1531 silly ADD node_modules/side-channel-weakmap
1532 silly ADD node_modules/side-channel-map
1533 silly ADD node_modules/side-channel-list
1534 silly ADD node_modules/side-channel
1535 silly ADD node_modules/shebang-regex
1536 silly ADD node_modules/shebang-command
1537 silly ADD node_modules/sharp
1538 silly ADD node_modules/sharp/node_modules/semver
1539 silly ADD node_modules/set-proto
1540 silly ADD node_modules/set-function-name
1541 silly ADD node_modules/set-function-length
1542 silly ADD node_modules/set-blocking
1543 silly ADD node_modules/semver
1544 silly ADD node_modules/scheduler
1545 silly ADD node_modules/safe-regex-test
1546 silly ADD node_modules/safe-push-apply
1547 silly ADD node_modules/safe-buffer
1548 silly ADD node_modules/safe-array-concat
1549 silly ADD node_modules/run-parallel
1550 silly ADD node_modules/reusify
1551 silly ADD node_modules/resolve-pkg-maps
1552 silly ADD node_modules/resolve-from
1553 silly ADD node_modules/resolve
1554 silly ADD node_modules/require-main-filename
1555 silly ADD node_modules/require-directory
1556 silly ADD node_modules/regexp.prototype.flags
1557 silly ADD node_modules/reflect.getprototypeof
1558 silly ADD node_modules/redis
1559 silly ADD node_modules/react-is
1560 silly ADD node_modules/react-dom
1561 silly ADD node_modules/react
1562 silly ADD node_modules/queue-microtask
1563 silly ADD node_modules/qrcode
1564 silly ADD node_modules/punycode
1565 silly ADD node_modules/prop-types
1566 silly ADD node_modules/prelude-ls
1567 silly ADD node_modules/postcss
1568 silly ADD node_modules/possible-typed-array-names
1569 silly ADD node_modules/pngjs
1570 silly ADD node_modules/picomatch
1571 silly ADD node_modules/picocolors
1572 silly ADD node_modules/path-parse
1573 silly ADD node_modules/path-key
1574 silly ADD node_modules/path-exists
1575 silly ADD node_modules/parse5-htmlparser2-tree-adapter
1576 silly ADD node_modules/parse5
1577 silly ADD node_modules/parent-module
1578 silly ADD node_modules/p-try
1579 silly ADD node_modules/p-locate
1580 silly ADD node_modules/p-limit
1581 silly ADD node_modules/own-keys
1582 silly ADD node_modules/otplib
1583 silly ADD node_modules/optionator
1584 silly ADD node_modules/object.values
1585 silly ADD node_modules/object.groupby
1586 silly ADD node_modules/object.fromentries
1587 silly ADD node_modules/object.entries
1588 silly ADD node_modules/object.assign
1589 silly ADD node_modules/object-keys
1590 silly ADD node_modules/object-inspect
1591 silly ADD node_modules/object-assign
1592 silly ADD node_modules/nth-check
1593 silly ADD node_modules/nodemailer
1594 silly ADD node_modules/node-releases
1595 silly ADD node_modules/node-fetch
1596 silly ADD node_modules/node-fetch/node_modules/whatwg-url
1597 silly ADD node_modules/node-fetch/node_modules/webidl-conversions
1598 silly ADD node_modules/node-fetch/node_modules/tr46
1599 silly ADD node_modules/node-exports-info
1600 silly ADD node_modules/next
1601 silly ADD node_modules/natural-compare
1602 silly ADD node_modules/napi-postinstall
1603 silly ADD node_modules/nanoid
1604 silly ADD node_modules/ms
1605 silly ADD node_modules/mquery
1606 silly ADD node_modules/mpath
1607 silly ADD node_modules/mongoose
1608 silly ADD node_modules/mongodb-connection-string-url
1609 silly ADD node_modules/mongodb
1610 silly ADD node_modules/minimist
1611 silly ADD node_modules/minimatch
1612 silly ADD node_modules/mime
1613 silly ADD node_modules/micromatch
1614 silly ADD node_modules/merge2
1615 silly ADD node_modules/mensch
1616 silly ADD node_modules/memory-pager
1617 silly ADD node_modules/math-intrinsics
1618 silly ADD node_modules/mailgen
1619 silly ADD node_modules/magic-string
1620 silly ADD node_modules/lru-cache
1621 silly ADD node_modules/loose-envify
1622 silly ADD node_modules/lodash.once
1623 silly ADD node_modules/lodash.merge
1624 silly ADD node_modules/lodash.isstring
1625 silly ADD node_modules/lodash.isplainobject
1626 silly ADD node_modules/lodash.isnumber
1627 silly ADD node_modules/lodash.isinteger
1628 silly ADD node_modules/lodash.isboolean
1629 silly ADD node_modules/lodash.includes
1630 silly ADD node_modules/locate-path
1631 silly ADD node_modules/lightningcss-win32-x64-msvc
1632 silly ADD node_modules/lightningcss
1633 silly ADD node_modules/levn
1634 silly ADD node_modules/language-tags
1635 silly ADD node_modules/language-subtag-registry
1636 silly ADD node_modules/keyv
1637 silly ADD node_modules/kareem
1638 silly ADD node_modules/jws
1639 silly ADD node_modules/jwa
1640 silly ADD node_modules/juice
1641 silly ADD node_modules/jsx-ast-utils
1642 silly ADD node_modules/jsonwebtoken
1643 silly ADD node_modules/jsonwebtoken/node_modules/semver
1644 silly ADD node_modules/json5
1645 silly ADD node_modules/json-stable-stringify-without-jsonify
1646 silly ADD node_modules/json-schema-traverse
1647 silly ADD node_modules/json-buffer
1648 silly ADD node_modules/jsesc
1649 silly ADD node_modules/js-yaml
1650 silly ADD node_modules/js-tokens
1651 silly ADD node_modules/jiti
1652 silly ADD node_modules/jake
1653 silly ADD node_modules/iterator.prototype
1654 silly ADD node_modules/isexe
1655 silly ADD node_modules/isarray
1656 silly ADD node_modules/is-weakset
1657 silly ADD node_modules/is-weakref
1658 silly ADD node_modules/is-weakmap
1659 silly ADD node_modules/is-typed-array
1660 silly ADD node_modules/is-symbol
1661 silly ADD node_modules/is-string
1662 silly ADD node_modules/is-shared-array-buffer
1663 silly ADD node_modules/is-set
1664 silly ADD node_modules/is-regex
1665 silly ADD node_modules/is-number-object
1666 silly ADD node_modules/is-number
1667 silly ADD node_modules/is-negative-zero
1668 silly ADD node_modules/is-map
1669 silly ADD node_modules/is-glob
1670 silly ADD node_modules/is-generator-function
1671 silly ADD node_modules/is-fullwidth-code-point
1672 silly ADD node_modules/is-finalizationregistry
1673 silly ADD node_modules/is-extglob
1674 silly ADD node_modules/is-document.all
1675 silly ADD node_modules/is-date-object
1676 silly ADD node_modules/is-data-view
1677 silly ADD node_modules/is-core-module
1678 silly ADD node_modules/is-callable
1679 silly ADD node_modules/is-bun-module
1680 silly ADD node_modules/is-bun-module/node_modules/semver
1681 silly ADD node_modules/is-boolean-object
1682 silly ADD node_modules/is-bigint
1683 silly ADD node_modules/is-async-function
1684 silly ADD node_modules/is-array-buffer
1685 silly ADD node_modules/internal-slot
1686 silly ADD node_modules/imurmurhash
1687 silly ADD node_modules/import-fresh
1688 silly ADD node_modules/ignore
1689 silly ADD node_modules/htmlparser2
1690 silly ADD node_modules/html5-qrcode
1691 silly ADD node_modules/hermes-parser
1692 silly ADD node_modules/hermes-estree
1693 silly ADD node_modules/he
1694 silly ADD node_modules/hasown
1695 silly ADD node_modules/has-tostringtag
1696 silly ADD node_modules/has-symbols
1697 silly ADD node_modules/has-proto
1698 silly ADD node_modules/has-property-descriptors
1699 silly ADD node_modules/has-flag
1700 silly ADD node_modules/has-bigints
1701 silly ADD node_modules/graceful-fs
1702 silly ADD node_modules/gopd
1703 silly ADD node_modules/globalthis
1704 silly ADD node_modules/globals
1705 silly ADD node_modules/glob-parent
1706 silly ADD node_modules/get-tsconfig
1707 silly ADD node_modules/get-symbol-description
1708 silly ADD node_modules/get-proto
1709 silly ADD node_modules/get-intrinsic
1710 silly ADD node_modules/get-caller-file
1711 silly ADD node_modules/gensync
1712 silly ADD node_modules/generator-function
1713 silly ADD node_modules/functions-have-names
1714 silly ADD node_modules/function.prototype.name
1715 silly ADD node_modules/function-bind
1716 silly ADD node_modules/for-each
1717 silly ADD node_modules/flatted
1718 silly ADD node_modules/flat-cache
1719 silly ADD node_modules/find-up
1720 silly ADD node_modules/fill-range
1721 silly ADD node_modules/filelist
1722 silly ADD node_modules/filelist/node_modules/minimatch
1723 silly ADD node_modules/filelist/node_modules/brace-expansion
1724 silly ADD node_modules/file-entry-cache
1725 silly ADD node_modules/fastq
1726 silly ADD node_modules/fast-levenshtein
1727 silly ADD node_modules/fast-json-stable-stringify
1728 silly ADD node_modules/fast-glob
1729 silly ADD node_modules/fast-glob/node_modules/glob-parent
1730 silly ADD node_modules/fast-deep-equal
1731 silly ADD node_modules/esutils
1732 silly ADD node_modules/estraverse
1733 silly ADD node_modules/esrecurse
1734 silly ADD node_modules/esquery
1735 silly ADD node_modules/espree
1736 silly ADD node_modules/eslint-visitor-keys
1737 silly ADD node_modules/eslint-scope
1738 silly ADD node_modules/eslint-plugin-react-hooks
1739 silly ADD node_modules/eslint-plugin-react
1740 silly ADD node_modules/eslint-plugin-jsx-a11y
1741 silly ADD node_modules/eslint-plugin-import
1742 silly ADD node_modules/eslint-plugin-import/node_modules/debug
1743 silly ADD node_modules/eslint-module-utils
1744 silly ADD node_modules/eslint-module-utils/node_modules/debug
1745 silly ADD node_modules/eslint-import-resolver-typescript
1746 silly ADD node_modules/eslint-import-resolver-node
1747 silly ADD node_modules/eslint-import-resolver-node/node_modules/debug
1748 silly ADD node_modules/eslint-config-next
1749 silly ADD node_modules/eslint-config-next/node_modules/globals
1750 silly ADD node_modules/eslint
1751 silly ADD node_modules/escape-string-regexp
1752 silly ADD node_modules/escape-goat
1753 silly ADD node_modules/escalade
1754 silly ADD node_modules/es-to-primitive
1755 silly ADD node_modules/es-shim-unscopables
1756 silly ADD node_modules/es-set-tostringtag
1757 silly ADD node_modules/es-object-atoms
1758 silly ADD node_modules/es-iterator-helpers
1759 silly ADD node_modules/es-errors
1760 silly ADD node_modules/es-define-property
1761 silly ADD node_modules/es-abstract-get
1762 silly ADD node_modules/es-abstract
1763 silly ADD node_modules/entities
1764 silly ADD node_modules/enhanced-resolve
1765 silly ADD node_modules/emoji-regex
1766 silly ADD node_modules/electron-to-chromium
1767 silly ADD node_modules/ejs
1768 silly ADD node_modules/ecdsa-sig-formatter
1769 silly ADD node_modules/dunder-proto
1770 silly ADD node_modules/dotenv
1771 silly ADD node_modules/domutils
1772 silly ADD node_modules/domhandler
1773 silly ADD node_modules/domelementtype
1774 silly ADD node_modules/dom-serializer
1775 silly ADD node_modules/doctrine
1776 silly ADD node_modules/dijkstrajs
1777 silly ADD node_modules/detect-libc
1778 silly ADD node_modules/define-properties
1779 silly ADD node_modules/define-data-property
1780 silly ADD node_modules/deep-is
1781 silly ADD node_modules/decamelize
1782 silly ADD node_modules/debug
1783 silly ADD node_modules/data-view-byte-offset
1784 silly ADD node_modules/data-view-byte-length
1785 silly ADD node_modules/data-view-buffer
1786 silly ADD node_modules/damerau-levenshtein
1787 silly ADD node_modules/csstype
1788 silly ADD node_modules/css-what
1789 silly ADD node_modules/css-select
1790 silly ADD node_modules/cross-spawn
1791 silly ADD node_modules/convert-source-map
1792 silly ADD node_modules/concat-map
1793 silly ADD node_modules/commander
1794 silly ADD node_modules/color-name
1795 silly ADD node_modules/color-convert
1796 silly ADD node_modules/cluster-key-slot
1797 silly ADD node_modules/cliui
1798 silly ADD node_modules/client-only
1799 silly ADD node_modules/cheerio-select
1800 silly ADD node_modules/cheerio
1801 silly ADD node_modules/chalk
1802 silly ADD node_modules/caniuse-lite
1803 silly ADD node_modules/camelcase
1804 silly ADD node_modules/callsites
1805 silly ADD node_modules/call-bound
1806 silly ADD node_modules/call-bind-apply-helpers
1807 silly ADD node_modules/call-bind
1808 silly ADD node_modules/buffer-equal-constant-time
1809 silly ADD node_modules/bson
1810 silly ADD node_modules/browserslist
1811 silly ADD node_modules/braces
1812 silly ADD node_modules/brace-expansion
1813 silly ADD node_modules/boolbase
1814 silly ADD node_modules/bcryptjs
1815 silly ADD node_modules/baseline-browser-mapping
1816 silly ADD node_modules/balanced-match
1817 silly ADD node_modules/axobject-query
1818 silly ADD node_modules/axe-core
1819 silly ADD node_modules/available-typed-arrays
1820 silly ADD node_modules/async-function
1821 silly ADD node_modules/async
1822 silly ADD node_modules/ast-types-flow
1823 silly ADD node_modules/arraybuffer.prototype.slice
1824 silly ADD node_modules/array.prototype.tosorted
1825 silly ADD node_modules/array.prototype.flatmap
1826 silly ADD node_modules/array.prototype.flat
1827 silly ADD node_modules/array.prototype.findlastindex
1828 silly ADD node_modules/array.prototype.findlast
1829 silly ADD node_modules/array-includes
1830 silly ADD node_modules/array-buffer-byte-length
1831 silly ADD node_modules/aria-query
1832 silly ADD node_modules/argparse
1833 silly ADD node_modules/ansi-styles
1834 silly ADD node_modules/ansi-regex
1835 silly ADD node_modules/ansi-colors
1836 silly ADD node_modules/ajv
1837 silly ADD node_modules/acorn-jsx
1838 silly ADD node_modules/acorn
1839 silly ADD node_modules/@unrs/resolver-binding-win32-x64-msvc
1840 silly ADD node_modules/@typescript-eslint/visitor-keys
1841 silly ADD node_modules/@typescript-eslint/visitor-keys/node_modules/eslint-visitor-keys
1842 silly ADD node_modules/@typescript-eslint/utils
1843 silly ADD node_modules/@typescript-eslint/typescript-estree
1844 silly ADD node_modules/@typescript-eslint/typescript-estree/node_modules/semver
1845 silly ADD node_modules/@typescript-eslint/typescript-estree/node_modules/minimatch
1846 silly ADD node_modules/@typescript-eslint/typescript-estree/node_modules/brace-expansion
1847 silly ADD node_modules/@typescript-eslint/typescript-estree/node_modules/balanced-match
1848 silly ADD node_modules/@typescript-eslint/types
1849 silly ADD node_modules/@typescript-eslint/type-utils
1850 silly ADD node_modules/@typescript-eslint/tsconfig-utils
1851 silly ADD node_modules/@typescript-eslint/scope-manager
1852 silly ADD node_modules/@typescript-eslint/project-service
1853 silly ADD node_modules/@typescript-eslint/parser
1854 silly ADD node_modules/@typescript-eslint/eslint-plugin
1855 silly ADD node_modules/@typescript-eslint/eslint-plugin/node_modules/ignore
1856 silly ADD node_modules/@types/whatwg-url
1857 silly ADD node_modules/@types/webidl-conversions
1858 silly ADD node_modules/@types/react-dom
1859 silly ADD node_modules/@types/react
1860 silly ADD node_modules/@types/node
1861 silly ADD node_modules/@types/json5
1862 silly ADD node_modules/@types/json-schema
1863 silly ADD node_modules/@types/estree
1864 silly ADD node_modules/@tailwindcss/postcss
1865 silly ADD node_modules/@tailwindcss/oxide-win32-x64-msvc
1866 silly ADD node_modules/@tailwindcss/oxide
1867 silly ADD node_modules/@tailwindcss/node
1868 silly ADD node_modules/@swc/helpers
1869 silly ADD node_modules/@scure/base
1870 silly ADD node_modules/@rtsao/scc
1871 silly ADD node_modules/@redis/time-series
1872 silly ADD node_modules/@redis/search
1873 silly ADD node_modules/@redis/json
1874 silly ADD node_modules/@redis/client
1875 silly ADD node_modules/@redis/bloom
1876 silly ADD node_modules/@otplib/uri
1877 silly ADD node_modules/@otplib/totp
1878 silly ADD node_modules/@otplib/plugin-crypto-node
1879 silly ADD node_modules/@otplib/plugin-crypto-noble
1880 silly ADD node_modules/@otplib/plugin-base32-scure
1881 silly ADD node_modules/@otplib/hotp
1882 silly ADD node_modules/@otplib/core
1883 silly ADD node_modules/@nolyfill/is-core-module
1884 silly ADD node_modules/@nodelib/fs.walk
1885 silly ADD node_modules/@nodelib/fs.stat
1886 silly ADD node_modules/@nodelib/fs.scandir
1887 silly ADD node_modules/@noble/hashes
1888 silly ADD node_modules/@next/swc-win32-x64-msvc
1889 silly ADD node_modules/@next/eslint-plugin-next
1890 silly ADD node_modules/@next/env
1891 silly ADD node_modules/@mongodb-js/saslprep
1892 silly ADD node_modules/@jridgewell/trace-mapping
1893 silly ADD node_modules/@jridgewell/sourcemap-codec
1894 silly ADD node_modules/@jridgewell/resolve-uri
1895 silly ADD node_modules/@jridgewell/remapping
1896 silly ADD node_modules/@jridgewell/gen-mapping
1897 silly ADD node_modules/@img/sharp-win32-x64
1898 silly ADD node_modules/@img/colour
1899 silly ADD node_modules/@humanwhocodes/retry
1900 silly ADD node_modules/@humanwhocodes/module-importer
1901 silly ADD node_modules/@humanfs/types
1902 silly ADD node_modules/@humanfs/node
1903 silly ADD node_modules/@humanfs/core
1904 silly ADD node_modules/@getbrevo/brevo
1905 silly ADD node_modules/@eslint/plugin-kit
1906 silly ADD node_modules/@eslint/object-schema
1907 silly ADD node_modules/@eslint/js
1908 silly ADD node_modules/@eslint/eslintrc
1909 silly ADD node_modules/@eslint/core
1910 silly ADD node_modules/@eslint/config-helpers
1911 silly ADD node_modules/@eslint/config-array
1912 silly ADD node_modules/@eslint-community/regexpp
1913 silly ADD node_modules/@eslint-community/eslint-utils
1914 silly ADD node_modules/@eslint-community/eslint-utils/node_modules/eslint-visitor-keys
1915 silly ADD node_modules/@babel/types
1916 silly ADD node_modules/@babel/traverse
1917 silly ADD node_modules/@babel/template
1918 silly ADD node_modules/@babel/parser
1919 silly ADD node_modules/@babel/helpers
1920 silly ADD node_modules/@babel/helper-validator-option
1921 silly ADD node_modules/@babel/helper-validator-identifier
1922 silly ADD node_modules/@babel/helper-string-parser
1923 silly ADD node_modules/@babel/helper-module-transforms
1924 silly ADD node_modules/@babel/helper-module-imports
1925 silly ADD node_modules/@babel/helper-globals
1926 silly ADD node_modules/@babel/helper-compilation-targets
1927 silly ADD node_modules/@babel/generator
1928 silly ADD node_modules/@babel/core
1929 silly ADD node_modules/@babel/compat-data
1930 silly ADD node_modules/@babel/code-frame
1931 silly ADD node_modules/@alloc/quick-lru
1932 verbose cwd C:\Users\Piyali\Desktop\INNOVATEX_connect'26\innovatex-connect-26
1933 verbose os Windows_NT 10.0.26200
1934 verbose node v24.16.0
1935 verbose npm  v11.13.0
1936 notice
1936 notice New major version of npm available! 11.13.0 -> 12.0.2
1936 notice Changelog: https://github.com/npm/cli/releases/tag/v12.0.2
1936 notice To update run: npm install -g npm@12.0.2
1936 notice  { force: true, Symbol(proc-log.meta): true }
1937 verbose exit 0
1938 info ok
